Rated,Title,Writer,Actors,imdbVotes,Released,Awards,Genre,imdbRating,PreNomination,Language,Country,PostAwards,Error,Runtime,PostNomination,Win,Metascore,Response,Year,Total,imdbID
R,JFK,"Oliver Stone (screenplay), Zachary Sklar (screenplay), Jim Garrison (book), Jim Marrs (book)","Sally Kirkland, Anthony Ramirez, Ray LePere, Steve Reed",108216,20 Dec 1991,Won 2 Oscars. Another 13 wins & 23 nominations.,"Drama, History, Thriller",8,"$58,100,000","English, Spanish","France, USA","$2,000,000",,189 min,"$10,300,000",0,72,True,1991,"$70,400,000",tt0102138
PG,Up,"Pete Docter (story), Bob Peterson (story), Tom McCarthy (story), Bob Peterson (screenplay), Pete Docter (screenplay)","Edward Asner, Christopher Plummer, Jordan Nagai, Bob Peterson",592975,29 May 2009,Won 2 Oscars. Another 69 wins & 69 nominations.,"Animation, Adventure, Comedy",8.3,"$293,000,000",English,USA,$0,,96 min,$0,0,88,True,2009,"$293,000,000",tt1049413
R,The Godfather: Part III,"Mario Puzo, Francis Ford Coppola","Al Pacino, Diane Keaton, Talia Shire, Andy Garcia",244113,25 Dec 1990,Nominated for 7 Oscars. Another 4 wins & 12 nominations.,"Crime, Drama",7.6,"$62,500,000","English, Italian, German, Latin",USA,"$956,000",,162 min,"$3,200,000",0,60,True,1990,"$66,700,000",tt0099674
R,Platoon,Oliver Stone,"Tom Berenger, Keith David, Willem Dafoe, Forest Whitaker",270412,06 Feb 1987,Won 4 Oscars. Another 19 wins & 14 nominations.,"Drama, War",8.1,"$39,300,000","English, Vietnamese","UK, USA","$34,500,000",,120 min,"$64,800,000",1,N/A,True,1986,"$138,500,000",tt0091763
PG-13,Chocolat,"Joanne Harris (novel), Robert Nelson Jacobs (screenplay)","Alfred Molina, Carrie-Anne Moss, Aurelien Parent Koenig, Antonio Gil",141795,19 Jan 2001,Nominated for 5 Oscars. Another 7 wins & 32 nominations.,"Drama, Romance",7.3,"$27,100,000","English, French","UK, USA","$10,900,000",,121 min,"$33,600,000",0,64,True,2000,"$71,500,000",tt0241303
PG,Life of Pi,"Yann Martel (novel), David Magee (screenplay)","Suraj Sharma, Irrfan Khan, Ayush Tandon, Gautam Belur",399787,21 Nov 2012,Won 4 Oscars. Another 72 wins & 119 nominations.,"Adventure, Drama, Fantasy",8,"$91,800,000","English, Tamil, French, Japanese, Hindi, Chinese","USA, Taiwan, UK","$11,500,000",,127 min,"$21,700,000",0,79,True,2012,"$125,000,000",tt0454876
R,District 9,"Neill Blomkamp, Terri Tatchell","Sharlto Copley, Jason Cope, Nathalie Boltt, Sylvaine Strike",501824,14 Aug 2009,Nominated for 4 Oscars. Another 23 wins & 97 nominations.,"Action, Sci-Fi",8,"$115,600,000","English, Nyanja, Afrikaans, Zulu, Xhosa, Southern Sotho","USA, New Zealand, Canada, South Africa",$0,,112 min,$0,0,81,True,2009,"$115,600,000",tt1136608
PG,"Good Night, and Good Luck.","George Clooney, Grant Heslov","Jeff Daniels, David Strathairn, Alex Borstein, Rose Abdoo",81616,04 Nov 2005,Nominated for 6 Oscars. Another 37 wins & 101 nominations.,Drama,7.5,"$25,200,000",English,"USA, France, UK, Japan","$384,000",,93 min,"$6,000,000",0,80,True,2005,"$31,600,000",tt0433383
R,The Verdict,"Barry Reed (based upon the novel by), David Mamet (screenplay)","Paul Newman, Charlotte Rampling, Jack Warden, James Mason",24381,17 Dec 1982,Nominated for 5 Oscars. Another 3 wins & 9 nominations.,Drama,7.8,"$39,700,000",English,USA,"$2,100,000",,129 min,"$12,200,000",0,N/A,True,1982,"$54,000,000",tt0084855
PG,Driving Miss Daisy,"Alfred Uhry (screenplay), Alfred Uhry (play)","Morgan Freeman, Jessica Tandy, Dan Aykroyd, Patti LuPone",66984,26 Jan 1990,Won 4 Oscars. Another 17 wins & 21 nominations.,Drama,7.4,"$33,600,000","English, Hebrew",USA,"$31,400,000",,99 min,"$41,600,000",1,81,True,1989,"$106,600,000",tt0097239
R,Michael Clayton,Tony Gilroy,"Tom Wilkinson, Michael O'Keefe, Sydney Pollack, Danielle Skraastad",126908,12 Oct 2007,Won 1 Oscar. Another 24 wins & 99 nominations.,"Crime, Drama, Mystery",7.3,"$39,400,000",English,USA,"$516,000",,119 min,"$9,100,000",0,82,True,2007,"$49,000,000",tt0465538
PG,The Right Stuff,"Tom Wolfe (book), Philip Kaufman (screenplay)","Sam Shepard, Scott Glenn, Ed Harris, Dennis Quaid",42917,21 Oct 1983,Won 4 Oscars. Another 7 wins & 15 nominations.,"Adventure, Drama, History",7.9,"$15,700,000","English, Russian",USA,$0,,193 min,"$5,500,000",0,N/A,True,1983,"$21,200,000",tt0086197
R,Sideways,"Rex Pickett (novel), Alexander Payne (screenplay), Jim Taylor (screenplay)","Paul Giamatti, Thomas Haden Church, Virginia Madsen, Sandra Oh",142434,21 Jan 2005,Won 1 Oscar. Another 117 wins & 68 nominations.,"Comedy, Drama, Romance",7.6,"$32,400,000","English, Armenian","USA, Hungary","$8,300,000",,126 min,"$30,700,000",0,94,True,2004,"$71,500,000",tt0375063
R,In the Bedroom,"Robert Festinger (screenplay), Todd Field (screenplay), Andre Dubus (story)","Tom Wilkinson, Sissy Spacek, Nick Stahl, Marisa Tomei",31274,08 Feb 2002,Nominated for 5 Oscars. Another 35 wins & 67 nominations.,"Crime, Drama",7.5,"$19,500,000","English, Serbo-Croatian",USA,"$1,700,000",,130 min,"$14,700,000",0,86,True,2001,"$35,900,000",tt0247425
PG,Tender Mercies,Horton Foote,"Robert Duvall, Tess Harper, Betty Buckley, Wilford Brimley",6912,10 Jun 1983,Won 2 Oscars. Another 7 wins & 13 nominations.,"Drama, Music",7.5,"$8,400,000",English,USA,$0,,92 min,$0,0,N/A,True,1983,"$8,400,000",tt0086423
PG,The Remains of the Day,"Kazuo Ishiguro (novel), Ruth Prawer Jhabvala (screenplay)","John Haycraft, Christopher Reeve, Anthony Hopkins, Emma Thompson",43008,19 Nov 1993,Nominated for 8 Oscars. Another 15 wins & 23 nominations.,"Drama, Romance",7.9,"$19,500,000","English, French, German","UK, USA","$1,300,000",,134 min,"$2,400,000",0,84,True,1993,"$23,200,000",tt0107943
PG,Dead Poets Society,Tom Schulman,"Robin Williams, Robert Sean Leonard, Ethan Hawke, Josh Charles",257989,09 Jun 1989,Won 1 Oscar. Another 17 wins & 18 nominations.,Drama,8,"$95,900,000",English,USA,$0,,128 min,$0,0,79,True,1989,"$95,900,000",tt0097165
R,Unforgiven,David Webb Peoples,"Clint Eastwood, Gene Hackman, Morgan Freeman, Richard Harris",256500,07 Aug 1992,Won 4 Oscars. Another 36 wins & 27 nominations.,Western,8.3,"$75,300,000",English,USA,"$18,300,000",,131 min,"$7,600,000",1,82,True,1992,"$101,200,000",tt0105695
R,American Sniper,"Jason Hall, Chris Kyle (book), Scott McEwen (book), Jim DeFelice (book)","Bradley Cooper, Kyle Gallner, Cole Konis, Ben Reed",269141,16 Jan 2015,Won 1 Oscar. Another 13 wins & 33 nominations.,"Action, Biography, Drama",7.3,"$3,400,000",English,USA,"$30,100,000",,133 min,"$316,600,000",0,72,True,2014,"$350,100,000",tt2179136
R,Argo,"Chris Terrio (screenplay), Tony Mendez (based on a selection from ""The Master of Disguise"" by), Joshuah Bearman (based on the Wired Magazine article ""The Great Escape"" by)","Ben Affleck, Bryan Cranston, Alan Arkin, John Goodman",415780,12 Oct 2012,Won 3 Oscars. Another 83 wins & 144 nominations.,"Drama, History, Thriller",7.8,"$110,300,000","English, Persian",USA,"$6,400,000",,120 min,"$19,300,000",1,86,True,2012,"$136,000,000",tt1024648
PG-13,War Horse,"Lee Hall (screenplay), Richard Curtis (screenplay), Michael Morpurgo (novel), Nick Stafford (stage play)","Jeremy Irvine, Peter Mullan, Emily Watson, Niels Arestrup",109157,25 Dec 2011,Nominated for 6 Oscars. Another 16 wins & 67 nominations.,"Drama, War",7.2,"$72,600,000","English, German","USA, UK","$843,000",,146 min,"$6,500,000",0,72,True,2011,"$79,900,000",tt1568911
R,American Hustle,"Eric Warren Singer, David O. Russell","Christian Bale, Bradley Cooper, Amy Adams, Jeremy Renner",328990,20 Dec 2013,Nominated for 10 Oscars. Another 59 wins & 187 nominations.,"Crime, Drama",7.3,"$104,600,000","English, Arabic",USA,"$3,400,000",,138 min,"$42,100,000",0,90,True,2013,"$150,100,000",tt1800241
R,The Grand Budapest Hotel,"Stefan Zweig (inspired by the writings of), Wes Anderson (screenplay), Wes Anderson (story), Hugo Guinness (story)","Ralph Fiennes, F. Murray Abraham, Mathieu Amalric, Adrien Brody",402293,28 Mar 2014,Won 4 Oscars. Another 114 wins & 198 nominations.,"Adventure, Comedy, Drama",8.1,"$59,100,000","English, French","USA, Germany, UK",$0,,99 min,$0,0,88,True,2014,"$59,100,000",tt2278388
PG-13,Dances with Wolves,"Michael Blake (screenplay), Michael Blake (novel)","Kevin Costner, Mary McDonnell, Graham Greene, Rodney A. Grant",174661,21 Nov 1990,Won 7 Oscars. Another 37 wins & 31 nominations.,"Adventure, Drama, Western",8,"$104,300,000","English, Sioux, Pawnee","USA, UK","$47,100,000",,181 min,"$32,700,000",1,72,True,1990,"$184,200,000",tt0099348
PG,Field of Dreams,"W.P. Kinsella (book), Phil Alden Robinson (screenplay)","Kevin Costner, Amy Madigan, Gaby Hoffmann, Ray Liotta",81610,05 May 1989,Nominated for 3 Oscars. Another 6 wins & 9 nominations.,"Drama, Family, Fantasy",7.6,"$64,400,000",English,USA,$0,,107 min,$0,0,57,True,1989,"$64,400,000",tt0097351
PG,The Accidental Tourist,"Anne Tyler (book), Frank Galati (screenplay), Lawrence Kasdan (screenplay)","William Hurt, Kathleen Turner, Geena Davis, Amy Wright",11802,06 Jan 1989,Won 1 Oscar. Another 3 wins & 10 nominations.,"Drama, Romance",6.8,"$24,200,000",English,USA,$0,,121 min,"$8,400,000",0,53,True,1988,"$32,600,000",tt0094606
PG-13,An Education,"Lynn Barber (memoir), Nick Hornby (screenplay)","Carey Mulligan, Olivia Williams, Alfred Molina, Cara Seymour",106867,05 Feb 2010,Nominated for 3 Oscars. Another 34 wins & 85 nominations.,Drama,7.3,"$8,800,000","English, French","UK, USA","$533,000",,100 min,"$3,200,000",0,85,True,2009,"$12,600,000",tt1174732
R,The Wolf of Wall Street,"Terence Winter (screenplay), Jordan Belfort (book)","Leonardo DiCaprio, Jonah Hill, Margot Robbie, Matthew McConaughey",660792,25 Dec 2013,Nominated for 5 Oscars. Another 33 wins & 143 nominations.,"Biography, Comedy, Crime",8.2,"$81,700,000","English, French",USA,"$2,300,000",,180 min,"$32,800,000",0,75,True,2013,"$116,900,000",tt0993846
PG-13,Million Dollar Baby,"Paul Haggis (screenplay), F.X. Toole (stories)","Clint Eastwood, Hilary Swank, Morgan Freeman, Jay Baruchel",440683,28 Jan 2005,Won 4 Oscars. Another 59 wins & 69 nominations.,"Drama, Sport",8.1,"$8,500,000","English, Irish",USA,"$35,600,000",,132 min,"$56,400,000",1,86,True,2004,"$100,500,000",tt0405159
PG,Out of Africa,"Karen Blixen (based upon: ""Out of Africa"" and other writings), Judith Thurman (book), Errol Trzebinski (book), Kurt Luedtke (screenplay)","Meryl Streep, Robert Redford, Klaus Maria Brandauer, Michael Kitchen",48310,20 Dec 1985,Won 7 Oscars. Another 22 wins & 28 nominations.,"Biography, Drama, Romance",7.2,"$55,600,000","English, Swahili",USA,"$15,300,000",,161 min,"$16,200,000",1,N/A,True,1985,"$87,100,000",tt0089755
R,The Green Mile,"Stephen King (novel), Frank Darabont (screenplay)","Tom Hanks, David Morse, Michael Clarke Duncan, Bonnie Hunt",702081,10 Dec 1999,Nominated for 4 Oscars. Another 13 wins & 28 nominations.,"Crime, Drama, Fantasy",8.5,"$120,600,000","English, French",USA,"$1,700,000",,189 min,"$14,400,000",0,61,True,1999,"$136,800,000",tt0120689
R,The Silence of the Lambs,"Thomas Harris (novel), Ted Tally (screenplay)","Jodie Foster, Lawrence A. Bonney, Kasi Lemmons, Lawrence T. Wrentz",800970,14 Feb 1991,Won 5 Oscars. Another 48 wins & 33 nominations.,"Crime, Drama, Thriller",8.6,"$130,700,000",English,USA,$0,,118 min,$0,1,84,True,1991,"$130,700,000",tt0102926
PG-13,The Color Purple,"Alice Walker (novel), Menno Meyjes (screenplay)","Danny Glover, Whoopi Goldberg, Margaret Avery, Oprah Winfrey",57167,07 Feb 1986,Nominated for 11 Oscars. Another 13 wins & 12 nominations.,Drama,7.8,"$46,400,000",English,USA,"$16,200,000",,154 min,"$31,500,000",0,N/A,True,1985,"$94,200,000",tt0088939
PG-13,The Help,"Tate Taylor (screenplay), Kathryn Stockett (novel)","Emma Stone, Viola Davis, Bryce Dallas Howard, Octavia Spencer",292349,10 Aug 2011,Won 1 Oscar. Another 74 wins & 103 nominations.,Drama,8.1,"$169,600,000",English,"USA, India, United Arab Emirates","$10,800",,146 min,"$97,400",0,62,True,2011,"$169,700,000",tt1454029
R,Gangs of New York,"Jay Cocks (story), Jay Cocks (screenplay), Steven Zaillian (screenplay), Kenneth Lonergan (screenplay)","Leonardo DiCaprio, Daniel Day-Lewis, Cameron Diaz, Jim Broadbent",291630,20 Dec 2002,Nominated for 10 Oscars. Another 42 wins & 89 nominations.,"Crime, Drama, History",7.5,"$70,100,000","English, Irish, Chinese, Latin","USA, Italy","$790,000",,167 min,"$6,900,000",0,72,True,2002,"$77,800,000",tt0217505
PG-13,The Hours,"Michael Cunningham (novel), David Hare (screenplay)","Meryl Streep, Julianne Moore, Nicole Kidman, Ed Harris",96908,14 Feb 2003,Won 1 Oscar. Another 38 wins & 103 nominations.,Drama,7.6,"$21,900,000",English,"USA, UK","$2,800,000",,114 min,"$17,000,000",0,81,True,2002,"$41,700,000",tt0274558
R,12 Years a Slave,"John Ridley (screenplay), Solomon Northup (based on ""Twelve Years a Slave"" by)","Chiwetel Ejiofor, Dwight Henry, Dickie Gravois, Bryan Batt",378027,08 Nov 2013,Won 3 Oscars. Another 223 wins & 295 nominations.,"Biography, Drama, History",8.1,"$39,000,000",English,"USA, UK","$6,300,000",,134 min,"$11,300,000",1,97,True,2013,"$56,700,000",tt2024544
R,The King's Speech,David Seidler (screenplay),"Colin Firth, Helena Bonham Carter, Derek Jacobi, Robert Portal",452317,25 Dec 2010,Won 4 Oscars. Another 95 wins & 182 nominations.,"Biography, Drama",8.1,"$57,900,000",English,"UK, USA, Australia","$21,200,000",,118 min,"$56,300,000",1,88,True,2010,"$135,500,000",tt1504320
PG-13,The Sixth Sense,M. Night Shyamalan,"Bruce Willis, Haley Joel Osment, Toni Collette, Olivia Williams",652018,06 Aug 1999,Nominated for 6 Oscars. Another 32 wins & 45 nominations.,"Drama, Mystery, Thriller",8.2,"$278,400,000","English, Latin, Spanish",USA,"$3,200,000",,107 min,"$11,900,000",0,64,True,1999,"$293,500,000",tt0167404
R,The Killing Fields,Bruce Robinson (screenplay),"Sam Waterston, Haing S. Ngor, John Malkovich, Julian Sands",40318,01 Feb 1985,Won 3 Oscars. Another 24 wins & 22 nominations.,"Drama, History, War",7.9,"$11,700,000","English, French, Khmer, Russian",UK,"$6,900,000",,141 min,"$16,200,000",0,N/A,True,1984,"$34,700,000",tt0087553
R,Bugsy,"James Toback, Dean Jennings (book)","Warren Beatty, Annette Bening, Harvey Keitel, Ben Kingsley",20429,20 Dec 1991,Won 2 Oscars. Another 10 wins & 30 nominations.,"Biography, Crime, Drama",6.8,"$38,900,000",English,USA,"$1,300,000",,136 min,"$8,900,000",0,N/A,True,1991,"$49,100,000",tt0101516
PG,Tootsie,"Larry Gelbart (screenplay), Murray Schisgal (screenplay), Don McGuire (story), Larry Gelbart (story)","Dustin Hoffman, Jessica Lange, Teri Garr, Dabney Coleman",73364,17 Dec 1982,Won 1 Oscar. Another 23 wins & 29 nominations.,"Comedy, Romance",7.4,"$100,800,000",English,USA,"$25,200,000",,116 min,"$51,200,000",0,87,True,1982,"$177,200,000",tt0084805
R,Born on the Fourth of July,"Ron Kovic (book), Oliver Stone (screenplay), Ron Kovic (screenplay)","Tom Cruise, Raymond J. Barry, Caroline Kava, Josh Evans",72490,05 Jan 1990,Won 2 Oscars. Another 13 wins & 22 nominations.,"Biography, Drama, War",7.2,"$48,700,000","English, Spanish",USA,"$4,400,000",,145 min,"$16,900,000",0,75,True,1989,"$70,000,000",tt0096969
R,Milk,Dustin Lance Black,"Sean Penn, Emile Hirsch, Josh Brolin, Diego Luna",128963,30 Jan 2009,Won 2 Oscars. Another 53 wins & 121 nominations.,"Biography, Drama, History",7.6,"$20,700,000",English,USA,"$3,700,000",,128 min,"$7,500,000",0,84,True,2008,"$31,800,000",tt1013753
R,Witness,"William Kelley (story), Pamela Wallace (story), Earl W. Wallace (story), Earl W. Wallace (screenplay), William Kelley (screenplay)","Harrison Ford, Kelly McGillis, Josef Sommer, Lukas Haas",62743,08 Feb 1985,Won 2 Oscars. Another 10 wins & 26 nominations.,"Crime, Drama, Romance",7.5,"$68,700,000","English, German",USA,$0,,112 min,$0,0,76,True,1985,"$68,700,000",tt0090329
PG-13,Ray,"Taylor Hackford (story), James L. White (story), James L. White (screenplay)","Jamie Foxx, Kerry Washington, Regina King, Clifton Powell",102332,29 Oct 2004,Won 2 Oscars. Another 48 wins & 47 nominations.,"Biography, Drama, Music",7.8,"$73,100,000",English,USA,"$252,000",,152 min,"$2,000,000",0,73,True,2004,"$75,300,000",tt0350258
R,Up in the Air,"Walter Kirn (novel), Jason Reitman (screenplay), Sheldon Turner (screenplay)","George Clooney, Vera Farmiga, Anna Kendrick, Jason Bateman",258673,23 Dec 2009,Nominated for 6 Oscars. Another 74 wins & 136 nominations.,"Drama, Romance",7.5,"$73,500,000",English,USA,"$812,000",,109 min,"$9,500,000",0,83,True,2009,"$83,800,000",tt1193138
R,Silver Linings Playbook,"David O. Russell (screenplay), Matthew Quick (novel)","Bradley Cooper, Jennifer Lawrence, Robert De Niro, Jacki Weaver",493310,25 Dec 2012,Won 1 Oscar. Another 84 wins & 139 nominations.,"Comedy, Drama, Romance",7.8,"$35,700,000",English,USA,"$24,900,000",,122 min,"$71,400,000",0,81,True,2012,"$132,100,000",tt1045658
R,A Serious Man,"Joel Coen, Ethan Coen","Michael Stuhlbarg, Richard Kind, Fred Melamed, Sari Lennick",95168,06 Nov 2009,Nominated for 2 Oscars. Another 16 wins & 60 nominations.,"Comedy, Drama",7,"$9,200,000","English, Yiddish, Hebrew","USA, UK, France",$0,,106 min,$0,0,79,True,2009,"$9,200,000",tt1019452
PG-13,A Beautiful Mind,"Akiva Goldsman, Sylvia Nasar (book)","Russell Crowe, Ed Harris, Jennifer Connelly, Christopher Plummer",548689,04 Jan 2002,Won 4 Oscars. Another 29 wins & 61 nominations.,"Biography, Drama",8.2,"$113,700,000",English,USA,"$16,000,000",,135 min,"$41,000,000",1,72,True,2001,"$170,700,000",tt0268978
R,Slumdog Millionaire,"Simon Beaufoy (screenplay), Vikas Swarup (novel)","Dev Patel, Saurabh Shukla, Anil Kapoor, Rajendranath Zutshi",596954,25 Dec 2008,Won 8 Oscars. Another 139 wins & 105 nominations.,"Drama, Romance",8,"$44,700,000","English, Hindi, French","UK, USA","$43,000,000",,120 min,"$53,600,000",1,86,True,2008,"$141,300,000",tt1010048
R,Rain Man,"Barry Morrow (story), Ronald Bass (screenplay), Barry Morrow (screenplay)","Dustin Hoffman, Tom Cruise, Valeria Golino, Gerald R. Molen",365025,16 Dec 1988,Won 4 Oscars. Another 21 wins & 21 nominations.,Drama,8,"$97,000,000","English, Italian",USA,"$15,100,000",,133 min,"$60,800,000",1,65,True,1988,"$172,800,000",tt0095953
PG-13,Gravity,"Alfonso Cuarón, Jonás Cuarón","Sandra Bullock, George Clooney, Ed Harris, Orto Ignatiussen",532303,04 Oct 2013,Won 7 Oscars. Another 201 wins & 159 nominations.,"Sci-Fi, Thriller",7.9,"$256,400,000","English, Greenlandic","USA, UK","$3,600,000",,91 min,"$14,100,000",0,96,True,2013,"$274,100,000",tt1454468
R,Capote,"Dan Futterman (screenplay), Gerald Clarke (book)","Allie Mickelson, Kelci Stephenson, Philip Seymour Hoffman, Craig Archibald",93155,03 Feb 2006,Won 1 Oscar. Another 56 wins & 73 nominations.,"Biography, Crime, Drama",7.4,"$15,400,000",English,"Canada, USA","$3,300,000",,114 min,"$10,100,000",0,88,True,2005,"$28,800,000",tt0379725
R,Fargo,"Ethan Coen, Joel Coen","William H. Macy, Steve Buscemi, Peter Stormare, Kristin Rudrüd",412212,05 Apr 1996,Won 2 Oscars. Another 69 wins & 51 nominations.,"Crime, Drama, Thriller",8.2,"$24,100,000",English,"USA, UK","$346,000",,98 min,"$183,000",0,85,True,1996,"$24,600,000",tt0116282
PG-13,Moneyball,"Steven Zaillian (screenplay), Aaron Sorkin (screenplay), Stan Chervin (story), Michael Lewis (book)","Brad Pitt, Jonah Hill, Philip Seymour Hoffman, Robin Wright",268380,23 Sep 2011,Nominated for 6 Oscars. Another 27 wins & 70 nominations.,"Biography, Drama, Sport",7.6,"$75,500,000",English,USA,$0,,133 min,"$72,600",0,87,True,2011,"$75,600,000",tt1210166
R,My Left Foot,"Shane Connaughton (screenplay), Jim Sheridan (screenplay), Christy Brown (book)","Daniel Day-Lewis, Brenda Fricker, Alison Whelan, Kirsten Sheridan",46683,10 Nov 1989,Won 2 Oscars. Another 20 wins & 18 nominations.,"Biography, Drama",7.9,"$2,100,000",English,"Ireland, UK","$5,900,000",,103 min,"$6,800,000",0,N/A,True,1989,"$14,700,000",tt0097937
R,Brokeback Mountain,"Annie Proulx (short story), Larry McMurtry (screenplay), Diana Ossana (screenplay)","Heath Ledger, Jake Gyllenhaal, Randy Quaid, Valerie Planche",245925,13 Jan 2006,Won 3 Oscars. Another 119 wins & 106 nominations.,"Drama, Romance",7.7,"$51,700,000",English,"USA, Canada","$4,200,000",,134 min,"$27,200,000",0,87,True,2005,"$83,000,000",tt0388795
G,Babe,"Dick King-Smith (novel), George Miller (screenplay), Chris Noonan (screenplay)","Christine Cavanaugh, Miriam Margolyes, Danny Mann, Hugo Weaving",89243,04 Aug 1995,Won 1 Oscar. Another 18 wins & 21 nominations.,"Comedy, Drama, Family",6.8,"$58,200,000",English,"Australia, USA","$865,000",,91 min,"$4,600,000",0,83,True,1995,"$63,700,000",tt0112431
R,Elizabeth,Michael Hirst,"Cate Blanchett, Geoffrey Rush, Christopher Eccleston, Joseph Fiennes",72299,19 Feb 1999,Won 1 Oscar. Another 33 wins & 51 nominations.,"Biography, Drama, History",7.5,"$21,400,000","English, French","UK, USA","$2,200,000",,124 min,"$6,500,000",0,75,True,1998,"$30,100,000",tt0127536
R,The Insider,"Marie Brenner (article), Eric Roth, Michael Mann","Al Pacino, Russell Crowe, Christopher Plummer, Diane Venora",127381,05 Nov 1999,Nominated for 7 Oscars. Another 22 wins & 48 nominations.,"Biography, Drama, Thriller",7.9,"$26,600,000","English, Japanese, Arabic, Persian",USA,"$609,000",,157 min,"$1,900,000",0,84,True,1999,"$29,100,000",tt0140352
PG-13,Ghost,Bruce Joel Rubin,"Patrick Swayze, Demi Moore, Whoopi Goldberg, Tony Goldwyn",145476,13 Jul 1990,Won 2 Oscars. Another 16 wins & 22 nominations.,"Drama, Fantasy, Romance",7,"$213,600,000",English,USA,"$1,100,000",,127 min,"$2,900,000",0,52,True,1990,"$217,600,000",tt0099653
PG-13,The Theory of Everything,"Anthony McCarten (screenplay), Jane Hawking (book)","Eddie Redmayne, Felicity Jones, Tom Prior, Sophie Perry",214904,26 Nov 2014,Won 1 Oscar. Another 23 wins & 106 nominations.,"Biography, Drama, Romance",7.7,"$26,200,000","English, French, Latin, Italian",UK,"$1,800,000",,123 min,"$7,900,000",0,72,True,2014,"$35,900,000",tt2980516
R,Mississippi Burning,Chris Gerolmo,"Gene Hackman, Willem Dafoe, Frances McDormand, Brad Dourif",62008,27 Jan 1989,Won 1 Oscar. Another 16 wins & 24 nominations.,"Crime, Drama, Mystery",7.8,"$18,600,000",English,USA,"$713,000",,128 min,"$15,300,000",0,65,True,1988,"$34,600,000",tt0095647
R,The Shawshank Redemption,"Stephen King (short story ""Rita Hayworth and Shawshank Redemption""), Frank Darabont (screenplay)","Tim Robbins, Morgan Freeman, Bob Gunton, William Sadler",1555482,14 Oct 1994,Nominated for 7 Oscars. Another 14 wins & 18 nominations.,"Crime, Drama",9.3,"$16,800,000",English,USA,"$3,500,000",,142 min,"$8,100,000",0,80,True,1994,"$28,300,000",tt0111161
R,Gosford Park,"Robert Altman (idea), Julian Fellowes, Bob Balaban (idea)","Maggie Smith, Michael Gambon, Kristin Scott Thomas, Camilla Rutherford",62457,18 Jan 2002,Won 1 Oscar. Another 29 wins & 72 nominations.,"Drama, Mystery",7.3,"$22,300,000",English,"UK, USA, Italy","$3,600,000",,137 min,"$15,500,000",0,90,True,2001,"$41,300,000",tt0280707
R,Letters from Iwo Jima,"Iris Yamashita (screenplay), Iris Yamashita (story), Paul Haggis (story), Tadamichi Kuribayashi (book), Tsuyoko Yoshido (book)","Ken Watanabe, Kazunari Ninomiya, Tsuyoshi Ihara, Ryô Kase",126999,02 Feb 2007,Won 1 Oscar. Another 22 wins & 29 nominations.,"Drama, History, War",7.9,"$2,600,000","Japanese, English",USA,"$921,000",,141 min,"$10,200,000",0,89,True,2006,"$13,800,000",tt0498380
R,Children of a Lesser God,"Mark Medoff (stage play), Hesper Anderson (screenplay), Mark Medoff (screenplay)","William Hurt, Marlee Matlin, Piper Laurie, Philip Bosco",11151,31 Oct 1986,Won 1 Oscar. Another 4 wins & 12 nominations.,"Drama, Romance",7.2,"$22,100,000","English, American Sign Language",USA,"$4,400,000",,119 min,"$5,300,000",0,N/A,True,1986,"$31,900,000",tt0090830
PG-13,The Social Network,"Aaron Sorkin (screenplay), Ben Mezrich (book)","Jesse Eisenberg, Rooney Mara, Bryan Barter, Dustin Fitzsimons",436554,01 Oct 2010,Won 3 Oscars. Another 152 wins & 151 nominations.,"Biography, Drama",7.8,"$95,400,000","English, French",USA,"$44,800",,120 min,"$1,500,000",0,95,True,2010,"$97,000,000",tt1285016
R,The Hurt Locker,Mark Boal,"Jeremy Renner, Anthony Mackie, Brian Geraghty, Guy Pearce",305865,31 Jul 2009,Won 6 Oscars. Another 108 wins & 112 nominations.,"Drama, History, Thriller",7.6,"$12,700,000","English, Arabic",USA,"$2,300,000",,131 min,"$2,000,000",1,94,True,2008,"$17,000,000",tt0887912
R,Saving Private Ryan,Robert Rodat,"Tom Hanks, Tom Sizemore, Edward Burns, Barry Pepper",796329,24 Jul 1998,Won 5 Oscars. Another 71 wins & 74 nominations.,"Action, Drama, War",8.6,"$194,900,000","English, French, German, Czech",USA,"$6,300,000",,169 min,"$15,300,000",0,90,True,1998,"$216,500,000",tt0120815
PG-13,The Lord of the Rings: The Two Towers,"J.R.R. Tolkien (novel), Fran Walsh (screenplay), Philippa Boyens (screenplay), Stephen Sinclair (screenplay), Peter Jackson (screenplay)","Bruce Allpress, Sean Astin, John Bach, Sala Baker",998747,18 Dec 2002,Won 2 Oscars. Another 96 wins & 106 nominations.,"Adventure, Fantasy",8.7,"$321,100,000","English, Sindarin, Old English","USA, New Zealand","$5,000,000",,179 min,"$13,700,000",0,88,True,2002,"$339,800,000",tt0167261
R,There Will Be Blood,"Paul Thomas Anderson (screenplay), Upton Sinclair (novel)","Daniel Day-Lewis, Martin Stringer, Matthew Braden Stringer, Jacob Stringer",342198,25 Jan 2008,Won 2 Oscars. Another 97 wins & 121 nominations.,Drama,8.1,"$8,700,000","English, American Sign Language",USA,"$5,100,000",,158 min,"$26,400,000",0,92,True,2007,"$40,200,000",tt0469494
PG-13,The Cider House Rules,"John Irving (novel), John Irving (screenplay)","Tobey Maguire, Charlize Theron, Delroy Lindo, Paul Rudd",75993,07 Jan 2000,Won 2 Oscars. Another 6 wins & 29 nominations.,"Drama, Romance",7.4,"$20,700,000",English,USA,"$7,900,000",,126 min,"$28,900,000",0,75,True,1999,"$57,500,000",tt0124315
PG,The Dresser,Ronald Harwood (screenplay),"Albert Finney, Tom Courtenay, Edward Fox, Zena Walker",3501,06 Dec 1983,Nominated for 5 Oscars. Another 5 wins & 12 nominations.,Drama,7.7,"$563,000",English,UK,$0,,118 min,"$4,700,000",0,N/A,True,1983,"$5,300,000",tt0085461
R,The Crying Game,Neil Jordan,"Forest Whitaker, Miranda Richardson, Stephen Rea, Adrian Dunbar",39585,19 Feb 1993,Won 1 Oscar. Another 20 wins & 34 nominations.,"Crime, Drama, Romance",7.3,"$14,000,000",English,"UK, Japan","$14,900,000",,112 min,"$33,600,000",0,90,True,1992,"$62,500,000",tt0104036
R,The Full Monty,Simon Beaufoy,"Robert Carlyle, Mark Addy, William Snape, Steve Huison",78598,19 Sep 1997,Won 1 Oscar. Another 34 wins & 30 nominations.,"Comedy, Drama, Music",7.2,"$38,900,000",English,"UK, USA","$1,600,000",,91 min,"$5,500,000",0,75,True,1997,"$46,000,000",tt0119164
PG,Sense and Sensibility,"Jane Austen (novel), Emma Thompson (screenplay)","James Fleet, Tom Wilkinson, Harriet Walter, Kate Winslet",73082,26 Jan 1996,Won 1 Oscar. Another 31 wins & 42 nominations.,"Drama, Romance",7.7,"$24,600,000","English, French","USA, UK","$4,000,000",,136 min,"$14,500,000",0,84,True,1995,"$43,200,000",tt0114388
PG,Places in the Heart,Robert Benton,"Sally Field, Lindsay Crouse, Ed Harris, Amy Madigan",7258,05 Oct 1984,Won 2 Oscars. Another 11 wins & 14 nominations.,Drama,7.3,"$31,200,000",English,USA,"$1,300,000",,111 min,"$2,300,000",0,N/A,True,1984,"$34,900,000",tt0087921
PG,Howards End,"E.M. Forster (novel), Ruth Prawer Jhabvala (screenplay)","Vanessa Redgrave, Helena Bonham Carter, Joseph Bennett, Emma Thompson",20399,26 Feb 1993,Won 3 Oscars. Another 26 wins & 34 nominations.,"Drama, Romance",7.5,"$8,700,000","English, German","UK, Japan, USA","$3,000,000",,140 min,"$14,200,000",0,87,True,1992,"$26,000,000",tt0104454
PG-13,Hannah and Her Sisters,Woody Allen,"Barbara Hershey, Carrie Fisher, Michael Caine, Mia Farrow",49306,14 Mar 1986,Won 3 Oscars. Another 21 wins & 26 nominations.,"Comedy, Drama",8,"$35,400,000",English,USA,$0,,103 min,$0,0,90,True,1986,"$35,400,000",tt0091167
UNRATED,A Room with a View,"E.M. Forster (novel), Ruth Prawer Jhabvala (screenplay)","Maggie Smith, Helena Bonham Carter, Denholm Elliott, Julian Sands",27611,11 Apr 1986,Won 3 Oscars. Another 21 wins & 23 nominations.,"Drama, Romance",7.4,"$11,500,000","English, Italian",UK,"$6,900,000",,117 min,"$2,500,000",0,80,True,1985,"$21,000,000",tt0091867
R,Broadcast News,James L. Brooks,"William Hurt, Albert Brooks, Holly Hunter, Robert Prosky",20069,25 Dec 1987,Nominated for 7 Oscars. Another 13 wins & 16 nominations.,"Comedy, Drama, Romance",7.2,"$36,700,000",English,USA,"$3,300,000",,133 min,"$11,300,000",0,84,True,1987,"$51,200,000",tt0092699
PG-13,The Artist,Michel Hazanavicius,"Jean Dujardin, Bérénice Bejo, John Goodman, James Cromwell",177993,20 Jan 2012,Won 5 Oscars. Another 141 wins & 167 nominations.,"Comedy, Drama, Romance",8,"$12,400,000","English, French",France,"$12,900,000",,100 min,"$19,400,000",1,89,True,2011,"$44,700,000",tt1655442
PG,Apollo 13,"Jim Lovell (book), Jeffrey Kluger (book), William Broyles Jr. (screenplay), Al Reinert (screenplay)","Tom Hanks, Bill Paxton, Kevin Bacon, Gary Sinise",196149,30 Jun 1995,Won 2 Oscars. Another 24 wins & 46 nominations.,"Adventure, Drama, History",7.6,"$172,100,000",English,USA,$0,,140 min,$0,0,77,True,1995,"$172,100,000",tt0112384
R,The Fighter,"Scott Silver (screenplay), Paul Tamasy (screenplay), Eric Johnson (screenplay), Paul Tamasy (story), Eric Johnson (story), Keith Dorrington (story)","Mark Wahlberg, Christian Bale, Amy Adams, Melissa Leo",256623,17 Dec 2010,Won 2 Oscars. Another 65 wins & 107 nominations.,"Biography, Drama, Sport",7.9,"$73,000,000",English,USA,"$3,200,000",,116 min,"$17,400,000",0,79,True,2010,"$93,600,000",tt0964517
PG-13,Avatar,James Cameron,"Sam Worthington, Zoe Saldana, Sigourney Weaver, Stephen Lang",826521,18 Dec 2009,Won 3 Oscars. Another 76 wins & 114 nominations.,"Action, Adventure, Fantasy",7.9,"$598,500,000","English, Spanish","USA, UK","$29,200,000",,162 min,"$122,200,000",0,83,True,2009,"$749,800,000",tt0499549
R,Whiplash,Damien Chazelle,"Miles Teller, J.K. Simmons, Paul Reiser, Melissa Benoist",306266,15 Oct 2014,Won 3 Oscars. Another 78 wins & 110 nominations.,"Drama, Music",8.5,"$6,200,000",English,USA,"$1,800,000",,107 min,"$5,100,000",0,88,True,2014,"$13,100,000",tt2582802
R,Gladiator,"David Franzoni (story), David Franzoni (screenplay), John Logan (screenplay), William Nicholson (screenplay)","Russell Crowe, Joaquin Phoenix, Connie Nielsen, Oliver Reed",894849,05 May 2000,Won 5 Oscars. Another 52 wins & 100 nominations.,"Action, Drama",8.5,"$186,600,000",English,"USA, UK","$835,000",,155 min,"$269,000",1,64,True,2000,"$187,700,000",tt0172495
PG,A Soldier's Story,"Charles Fuller (screenplay), Charles Fuller (play)","Howard E. Rollins Jr., Adolph Caesar, Art Evans, David Alan Grier",6258,02 Nov 1984,Nominated for 3 Oscars. Another 5 wins & 6 nominations.,"Crime, Drama, Mystery",7.2,"$21,400,000",English,USA,$0,,101 min,"$436,000",0,N/A,True,1984,"$21,800,000",tt0088146
PG-13,Midnight in Paris,Woody Allen,"Owen Wilson, Rachel McAdams, Kurt Fuller, Mimi Kennedy",278762,10 Jun 2011,Won 1 Oscar. Another 19 wins & 85 nominations.,"Comedy, Fantasy, Romance",7.7,"$56,400,000","English, French, Spanish, German","Spain, USA, France","$96,500",,94 min,"$272,000",0,81,True,2011,"$56,800,000",tt1605783
R,Dangerous Liaisons,"Christopher Hampton (play), Choderlos de Laclos (novel), Christopher Hampton (screenplay)","Glenn Close, John Malkovich, Michelle Pfeiffer, Swoosie Kurtz",50662,24 Feb 1989,Won 3 Oscars. Another 16 wins & 20 nominations.,"Drama, Romance",7.7,"$6,700,000",English,"USA, UK","$3,000,000",,119 min,"$25,000,000",0,74,True,1988,"$34,700,000",tt0094947
PG,Gandhi,John Briley,"Ben Kingsley, Candice Bergen, Edward Fox, John Gielgud",157632,25 Feb 1983,Won 8 Oscars. Another 27 wins & 20 nominations.,"Biography, Drama, History",8.1,"$11,900,000",English,"UK, India","$13,900,000",,191 min,"$27,000,000",1,N/A,True,1982,"$52,800,000",tt0083987
PG,Finding Neverland,"Allan Knee (play), David Magee (screenplay)","Johnny Depp, Kate Winslet, Julie Christie, Radha Mitchell",167576,17 Dec 2004,Won 1 Oscar. Another 20 wins & 67 nominations.,"Biography, Drama, Family",7.8,"$32,700,000",English,"USA, UK","$3,600,000",,106 min,"$15,400,000",0,67,True,2004,"$51,700,000",tt0308644
R,The Reader,"David Hare (screenplay), Bernhard Schlink (book)","Ralph Fiennes, Jeanette Hain, David Kross, Kate Winslet",178455,30 Jan 2009,Won 1 Oscar. Another 23 wins & 44 nominations.,"Drama, Romance",7.6,"$8,100,000","English, German, Greek, Latin","USA, Germany","$11,200,000",,124 min,"$14,900,000",0,58,True,2008,"$34,200,000",tt0976051
R,American Beauty,Alan Ball,"Kevin Spacey, Annette Bening, Thora Birch, Wes Bentley",757578,01 Oct 1999,Won 5 Oscars. Another 101 wins & 96 nominations.,"Drama, Romance",8.4,"$74,700,000",English,USA,"$21,600,000",,122 min,"$33,800,000",1,86,True,1999,"$130,100,000",tt0169547
PG-13,The Last Emperor,"Mark Peploe (screenplay), Bernardo Bertolucci (screenplay), Enzo Ungari (initial screenplay collaboration)","John Lone, Joan Chen, Peter O'Toole, Ruocheng Ying",65382,15 Apr 1988,Won 9 Oscars. Another 43 wins & 15 nominations.,"Biography, Drama, History",7.8,"$11,900,000","English, Mandarin, Japanese, Russian","China, Italy, UK, France","$18,600,000",,163 min,"$13,500,000",1,76,True,1987,"$44,000,000",tt0093389
R,Braveheart,Randall Wallace,"James Robinson, Sean Lawlor, Sandy Nelson, James Cosmo",678095,24 May 1995,Won 5 Oscars. Another 24 wins & 26 nominations.,"Biography, Drama, History",8.4,"$67,000,000","English, French, Latin, Scottish Gaelic",USA,"$2,300,000",,178 min,"$6,300,000",1,68,True,1995,"$75,600,000",tt0112573
PG,Hugo,"John Logan (screenplay), Brian Selznick (book)","Ben Kingsley, Sacha Baron Cohen, Asa Butterfield, Chloë Grace Moretz",230279,23 Nov 2011,Won 5 Oscars. Another 49 wins & 159 nominations.,"Adventure, Drama, Family",7.6,"$56,000,000",English,USA,"$4,500,000",,126 min,"$13,400,000",0,83,True,2011,"$73,900,000",tt0970179
PG-13,Captain Phillips,"Billy Ray (screenplay), Richard Phillips (based upon the book ""A Captain's Duty: Somali Pirates,  Navy SEALS,  and Dangerous Days at Sea"" by), Stephan Talty (based upon the book ""A Captain's Duty: Somali Pirates,  Navy SEALS,  and Dangerous Days at Sea"" by)","Tom Hanks, Catherine Keener, Barkhad Abdi, Barkhad Abdirahman",298666,11 Oct 2013,Nominated for 6 Oscars. Another 16 wins & 128 nominations.,"Biography, Drama, Thriller",7.9,"$105,100,000","English, Somali",USA,$0,,134 min,"$2,000,000",0,83,True,2013,"$107,100,000",tt1535109
R,Django Unchained,Quentin Tarantino,"Jamie Foxx, Christoph Waltz, Leonardo DiCaprio, Kerry Washington",843569,25 Dec 2012,Won 2 Oscars. Another 50 wins & 133 nominations.,Western,8.5,"$112,500,000","English, German, French",USA,"$4,000,000",,165 min,"$46,300,000",0,81,True,2012,"$162,800,000",tt1853728
PG-13,Extremely Loud & Incredibly Close,"Eric Roth (screenplay), Jonathan Safran Foer (novel)","Tom Hanks, Thomas Horn, Sandra Bullock, Zoe Caldwell",76175,20 Jan 2012,Nominated for 2 Oscars. Another 7 wins & 21 nominations.,"Adventure, Drama, Mystery",6.9,"$11,400,000",English,USA,"$633,000",,129 min,"$19,800,000",0,46,True,2011,"$31,800,000",tt0477302
R,Atonement,"Ian McEwan (novel), Christopher Hampton (screenplay)","Saoirse Ronan, Ailidh Mackay, Brenda Blethyn, Julia West",181415,11 Jan 2008,Won 1 Oscar. Another 46 wins & 134 nominations.,"Drama, Mystery, Romance",7.8,"$32,700,000","English, French","UK, France, USA","$1,500,000",,123 min,"$16,700,000",0,85,True,2007,"$50,900,000",tt0783233
R,Four Weddings and a Funeral,Richard Curtis,"Hugh Grant, James Fleet, Simon Callow, John Hannah",101817,15 Apr 1994,Nominated for 2 Oscars. Another 23 wins & 19 nominations.,"Comedy, Drama, Romance",7.1,"$52,700,000","English, British Sign Language",UK,$0,,117 min,$0,0,81,True,1994,"$52,700,000",tt0109831
R,Winter's Bone,"Debra Granik (screenplay), Anne Rosellini (screenplay), Daniel Woodrell (novel)","Jennifer Lawrence, Isaiah Stone, Ashlee Thompson, Valerie Richards",105978,16 Jul 2010,Nominated for 4 Oscars. Another 58 wins & 112 nominations.,Drama,7.2,"$6,300,000",English,USA,"$28,800",,100 min,"$231,000",0,90,True,2010,"$6,500,000",tt1399683
PG-13,Life Is Beautiful,"Vincenzo Cerami (story), Roberto Benigni (story)","Roberto Benigni, Nicoletta Braschi, Giorgio Cantarini, Giustino Durano",376965,12 Feb 1999,Won 3 Oscars. Another 60 wins & 42 nominations.,"Comedy, Drama, Romance",8.6,"$18,500,000","Italian, German, English",Italy,"$21,300,000",,116 min,"$17,500,000",0,59,True,1997,"$57,200,000",tt0118799
R,Pulp Fiction,"Quentin Tarantino (story), Roger Avary (story), Quentin Tarantino","Tim Roth, Laura Lovelace, John Travolta, Samuel L. Jackson",1208105,14 Oct 1994,Won 1 Oscar. Another 53 wins & 57 nominations.,"Crime, Drama",8.9,"$76,300,000","English, Spanish, French",USA,"$12,600,000",,154 min,"$19,000,000",0,94,True,1994,"$107,900,000",tt0110912
R,Crash,"Paul Haggis (story), Paul Haggis (screenplay), Robert Moresco (screenplay)","Karina Arroyave, Dato Bakhtadze, Sandra Bullock, Don Cheadle",346188,06 May 2005,Won 3 Oscars. Another 59 wins & 92 nominations.,Drama,7.9,"$53,400,000","English, Persian, Spanish, Mandarin, Korean","Germany, USA","$1,200,000",,112 min,$0,1,69,True,2004,"$54,600,000",tt0375679
PG-13,Juno,Diablo Cody,"Ellen Page, Michael Cera, Jennifer Garner, Jason Bateman",389163,25 Dec 2007,Won 1 Oscar. Another 87 wins & 84 nominations.,"Comedy, Drama, Romance",7.5,"$87,100,000",English,USA,"$13,100,000",,96 min,"$43,300,000",0,81,True,2007,"$143,500,000",tt0467406
PG-13,As Good as It Gets,"Mark Andrus (story), Mark Andrus (screenplay), James L. Brooks (screenplay)","Jack Nicholson, Helen Hunt, Greg Kinnear, Cuba Gooding Jr.",215345,25 Dec 1997,Won 2 Oscars. Another 35 wins & 48 nominations.,"Comedy, Drama, Romance",7.8,"$92,600,000",English,USA,"$22,500,000",,139 min,"$33,400,000",0,67,True,1997,"$148,500,000",tt0119822
PG-13,Selma,Paul Webb,"David Oyelowo, Carmen Ejogo, Jim France, Trinity Simone",49277,09 Jan 2015,Won 1 Oscar. Another 54 wins & 74 nominations.,"Biography, Drama, History",7.5,"$16,500,000",English,"UK, USA","$2,500,000",,128 min,"$33,000,000",0,89,True,2014,"$52,100,000",tt1020072
R,No Country for Old Men,"Joel Coen (screenplay), Ethan Coen (screenplay), Cormac McCarthy (novel)","Tommy Lee Jones, Javier Bardem, Josh Brolin, Woody Harrelson",559702,21 Nov 2007,Won 4 Oscars. Another 148 wins & 118 nominations.,"Crime, Drama, Thriller",8.1,"$48,900,000","English, Spanish",USA,"$10,000,000",,122 min,"$15,400,000",1,91,True,2007,"$74,300,000",tt0477348
PG-13,The Lord of the Rings: The Return of the King,"J.R.R. Tolkien (novel), Fran Walsh (screenplay), Philippa Boyens (screenplay), Peter Jackson (screenplay)","Noel Appleby, Ali Astin, Sean Astin, David Aston",1107562,17 Dec 2003,Won 11 Oscars. Another 150 wins & 101 nominations.,"Adventure, Fantasy",8.9,"$338,300,000","English, Quenya, Old English, Sindarin","USA, New Zealand","$12,900,000",,201 min,"$25,800,000",1,94,True,2003,"$377,000,000",tt0167260
R,Good Will Hunting,"Matt Damon, Ben Affleck","Matt Damon, Robin Williams, Ben Affleck, Stellan Skarsgård",549157,09 Jan 1998,Won 2 Oscars. Another 20 wins & 51 nominations.,Drama,8.3,"$68,900,000",English,USA,"$22,300,000",,126 min,"$47,200,000",0,70,True,1997,"$138,400,000",tt0119217
R,Traffic,"Simon Moore (miniseries Traffik), Stephen Gaghan (screenplay)","Benicio Del Toro, Jacob Vargas, Andrew Chavez, Michael Saucedo",164042,05 Jan 2001,Won 4 Oscars. Another 67 wins & 82 nominations.,"Crime, Drama, Thriller",7.6,"$71,200,000","English, Spanish","USA, Germany","$16,400,000",,147 min,"$36,500,000",0,86,True,2000,"$124,100,000",tt0181865
R,The Thin Red Line,"James Jones (novel), Terrence Malick (screenplay)","Nick Nolte, Jim Caviezel, Sean Penn, Elias Koteas",131986,15 Jan 1999,Nominated for 7 Oscars. Another 19 wins & 39 nominations.,"Drama, War",7.6,"$30,600,000","English, Tok Pisin, Japanese, Greek",USA,"$452,000",,170 min,"$5,300,000",0,78,True,1998,"$36,400,000",tt0120863
R,127 Hours,"Danny Boyle (screenplay), Simon Beaufoy (screenplay), Aron Ralston (book)","James Franco, Kate Mara, Amber Tamblyn, Sean Bott",260232,28 Jan 2011,Nominated for 6 Oscars. Another 22 wins & 135 nominations.,"Adventure, Biography, Drama",7.6,"$11,300,000","English, Italian","USA, UK","$420,000",,94 min,"$6,600,000",0,82,True,2010,"$18,300,000",tt1542344
PG-13,Lincoln,"Tony Kushner (screenplay), Doris Kearns Goodwin (book)","Daniel Day-Lewis, Sally Field, David Strathairn, Joseph Gordon-Levitt",185318,16 Nov 2012,Won 2 Oscars. Another 104 wins & 218 nominations.,"Biography, Drama, History",7.4,"$145,500,000",English,"USA, India","$3,600,000",,150 min,"$33,100,000",0,86,True,2012,"$182,200,000",tt0443272
R,Schindler's List,"Thomas Keneally (book), Steven Zaillian (screenplay)","Liam Neeson, Ben Kingsley, Ralph Fiennes, Caroline Goodall",789368,04 Feb 1994,Won 7 Oscars. Another 68 wins & 32 nominations.,"Biography, Drama, History",8.9,"$29,600,000","English, Hebrew, German, Polish",USA,"$35,800,000",,195 min,"$30,700,000",1,93,True,1993,"$96,100,000",tt0108052
PG,The Mission,Robert Bolt (original story & screenplay),"Robert De Niro, Jeremy Irons, Ray McAnally, Aidan Quinn",41597,31 Oct 1986,Won 1 Oscar. Another 12 wins & 27 nominations.,"Adventure, Drama, History",7.5,"$11,100,000","English, Guarani, Spanish, Latin","UK, France","$782,000",,125 min,"$5,300,000",0,N/A,True,1986,"$17,200,000",tt0091530
R,Fatal Attraction,"James Dearden (screenplay), James Dearden (short film)","Michael Douglas, Glenn Close, Anne Archer, Ellen Hamilton Latzen",51231,18 Sep 1987,Nominated for 6 Oscars. Another 7 wins & 16 nominations.,"Drama, Thriller",6.9,"$142,300,000",English,USA,"$5,000,000",,119 min,"$9,300,000",0,67,True,1987,"$156,600,000",tt0093010
PG-13,The Tree of Life,Terrence Malick,"Brad Pitt, Sean Penn, Jessica Chastain, Hunter McCracken",128255,17 May 2011,Nominated for 3 Oscars. Another 96 wins & 104 nominations.,"Drama, Fantasy",6.7,"$13,300,000",English,USA,$0,,139 min,$0,0,85,True,2011,"$13,300,000",tt0478304
PG-13,Inception,Christopher Nolan,"Leonardo DiCaprio, Joseph Gordon-Levitt, Ellen Page, Tom Hardy",1330216,16 Jul 2010,Won 4 Oscars. Another 138 wins & 192 nominations.,"Action, Mystery, Sci-Fi",8.8,"$292,600,000","English, Japanese, French","USA, UK",$0,,148 min,$0,0,74,True,2010,"$292,600,000",tt1375666
N/A,E.T.: The Extra-Terrestrial,Melissa Mathison (characters),N/A,123,N/A,N/A,"Family, Sci-Fi",2,"$329,400,000",English,USA,"$17,100,000",,N/A,"$12,700,000",0,N/A,True,1982,"$359,200,000",tt0308201
R,The Descendants,"Alexander Payne (screenplay), Nat Faxon (screenplay), Jim Rash (screenplay), Kaui Hart Hemmings (novel)","George Clooney, Shailene Woodley, Amara Miller, Nick Krause",197094,09 Dec 2011,Won 1 Oscar. Another 64 wins & 130 nominations.,"Comedy, Drama",7.3,"$51,500,000",English,USA,"$4,100,000",,115 min,"$27,000,000",0,84,True,2011,"$82,600,000",tt1033575
PG-13,The Curious Case of Benjamin Button,"Eric Roth (screenplay), Eric Roth (story), Robin Swicord (story), F. Scott Fitzgerald (short story)","Cate Blanchett, Brad Pitt, Julia Ormond, Faune Chambers Watkins",428551,25 Dec 2008,Won 3 Oscars. Another 67 wins & 128 nominations.,"Drama, Fantasy, Romance",7.8,"$104,400,000","English, Russian, French",USA,"$3,300,000",,166 min,"$19,800,000",0,70,True,2008,"$127,500,000",tt0421715
R,The Kids Are All Right,"Lisa Cholodenko, Stuart Blumberg","Julianne Moore, Annette Bening, Mark Ruffalo, Mia Wasikowska",105902,30 Jul 2010,Nominated for 4 Oscars. Another 27 wins & 108 nominations.,"Comedy, Drama",7.1,"$20,800,000",English,USA,$0,,106 min,$0,0,86,True,2010,"$20,800,000",tt0842926
R,The Big Chill,"Lawrence Kasdan, Barbara Benedek","Tom Berenger, Glenn Close, Jeff Goldblum, William Hurt",24357,30 Sep 1983,Nominated for 3 Oscars. Another 3 wins & 5 nominations.,"Comedy, Drama",7.2,"$52,500,000",English,USA,"$181,000",,105 min,"$3,700,000",0,62,True,1983,"$56,300,000",tt0085244
R,L.A. Confidential,"James Ellroy (novel), Brian Helgeland (screenplay), Curtis Hanson (screenplay)","Kevin Spacey, Russell Crowe, Guy Pearce, James Cromwell",386476,19 Sep 1997,Won 2 Oscars. Another 80 wins & 77 nominations.,"Crime, Drama, Mystery",8.3,"$39,700,000",English,USA,"$6,900,000",,138 min,"$17,900,000",0,90,True,1997,"$64,600,000",tt0119488
PG-13,Seabiscuit,"Laura Hillenbrand (book), Gary Ross (screenplay)","David McCullough, Jeff Bridges, Paul Vincent O'Connor, Chris Cooper",55664,25 Jul 2003,Nominated for 7 Oscars. Another 6 wins & 33 nominations.,"Drama, History, Sport",7.3,"$120,200,000",English,USA,$0,,140 min,"$46,300",0,72,True,2003,"$120,300,000",tt0329575
PG-13,Master and Commander: The Far Side of the World,"Patrick O'Brian (novels), Peter Weir (screenplay), John Collee (screenplay)","Russell Crowe, Paul Bettany, James D'Arcy, Edward Woodall",160655,14 Nov 2003,Won 2 Oscars. Another 21 wins & 72 nominations.,"Action, Adventure, Drama",7.4,"$85,300,000","English, French, Portuguese",USA,"$1,400,000",,138 min,"$7,200,000",0,81,True,2003,"$93,900,000",tt0311113
PG-13,Philomena,"Steve Coogan (screenplay), Jeff Pope (screenplay), Martin Sixsmith (book)","Judi Dench, Steve Coogan, Sophie Kennedy Clark, Mare Winningham",68476,27 Nov 2013,Nominated for 4 Oscars. Another 29 wins & 71 nominations.,"Biography, Drama",7.6,"$22,500,000",English,"UK, USA, France","$3,100,000",,98 min,"$12,100,000",0,76,True,2013,"$37,700,000",tt2431286
PG-13,Beasts of the Southern Wild,"Lucy Alibar (screenplay), Benh Zeitlin (screenplay), Lucy Alibar (stage play ""Juicy and Delicious"")","Quvenzhané Wallis, Dwight Henry, Levy Easterly, Lowell Landes",66982,05 Jul 2012,Nominated for 4 Oscars. Another 91 wins & 119 nominations.,"Drama, Fantasy",7.3,"$11,300,000",English,USA,"$224,000",,93 min,"$1,300,000",0,86,True,2012,"$12,800,000",tt2125435
R,Working Girl,Kevin Wade,"Harrison Ford, Sigourney Weaver, Melanie Griffith, Alec Baldwin",38951,21 Dec 1988,Won 1 Oscar. Another 8 wins & 16 nominations.,"Comedy, Drama, Romance",6.7,"$42,100,000",English,USA,"$1,700,000",,113 min,"$20,000,000",0,73,True,1988,"$63,800,000",tt0096463
R,Little Miss Sunshine,Michael Arndt,"Abigail Breslin, Greg Kinnear, Paul Dano, Alan Arkin",332339,18 Aug 2006,Won 2 Oscars. Another 65 wins & 96 nominations.,"Comedy, Drama",7.9,"$59,600,000",English,USA,"$59,600",,101 min,"$237,000",0,80,True,2006,"$59,900,000",tt0449059
R,Shakespeare in Love,"Marc Norman, Tom Stoppard","Geoffrey Rush, Tom Wilkinson, Steven O'Donnell, Tim McMullan",166464,08 Jan 1999,Won 7 Oscars. Another 55 wins & 85 nominations.,"Comedy, Drama, Romance",7.2,"$36,500,000",English,USA,"$27,100,000",,123 min,"$36,600,000",1,87,True,1998,"$100,300,000",tt0138097
R,Scent of a Woman,"Giovanni Arpino (novel), Bo Goldman (screenplay), Ruggero Maccari (character from Profumo Di Donna), Dino Risi (character from Profumo Di Donna)","Al Pacino, Chris O'Donnell, James Rebhorn, Gabrielle Anwar",183208,08 Jan 1993,Won 1 Oscar. Another 5 wins & 10 nominations.,Drama,8,"$34,100,000",English,USA,"$10,400,000",,156 min,"$18,500,000",0,59,True,1992,"$63,100,000",tt0105323
PG-13,Amour,Michael Haneke (screenplay),"Jean-Louis Trintignant, Emmanuelle Riva, Isabelle Huppert, Alexandre Tharaud",65649,20 Sep 2012,Won 1 Oscar. Another 75 wins & 95 nominations.,"Drama, Romance",7.9,"$371,000","French, English","France, Germany, Austria","$1,600,000",,127 min,"$4,800,000",0,94,True,2012,"$6,700,000",tt1602620
R,Zero Dark Thirty,Mark Boal,"Jason Clarke, Reda Kateb, Jessica Chastain, Kyle Chandler",204200,11 Jan 2013,Won 1 Oscar. Another 83 wins & 156 nominations.,"Drama, History, Thriller",7.4,"$5,200,000","English, Arabic",USA,"$4,200,000",,157 min,"$86,300,000",0,95,True,2012,"$95,700,000",tt1790885
PG-13,The Imitation Game,"Graham Moore, Andrew Hodges (book)","Benedict Cumberbatch, Keira Knightley, Matthew Goode, Rory Kinnear",366245,25 Dec 2014,Won 1 Oscar. Another 43 wins & 138 nominations.,"Biography, Drama, Thriller",8.1,"$42,800,000","English, German","UK, USA","$7,200,000",,114 min,"$41,100,000",0,73,True,2014,"$91,100,000",tt2084970
PG-13,Chicago,"Bill Condon (screenplay), Bob Fosse (book), Fred Ebb (book), Maurine Dallas Watkins (play)","Taye Diggs, Cliff Saunders, Catherine Zeta-Jones, Renée Zellweger",162325,24 Jan 2003,Won 6 Oscars. Another 45 wins & 98 nominations.,"Comedy, Crime, Musical",7.2,"$64,600,000","English, Hungarian","USA, Germany, Canada","$36,700,000",,113 min,"$69,400,000",1,82,True,2002,"$170,700,000",tt0299658
PG-13,Moulin Rouge!,"Baz Luhrmann, Craig Pearce","Nicole Kidman, Ewan McGregor, John Leguizamo, Jim Broadbent",213540,01 Jun 2001,Won 2 Oscars. Another 79 wins & 118 nominations.,"Drama, Musical, Romance",7.7,"$57,100,000","English, French, Spanish","USA, Australia","$39,900",,127 min,"$212,000",0,66,True,2001,"$57,400,000",tt0203009
R,Babel,"Guillermo Arriaga, Guillermo Arriaga (idea), Alejandro González Iñárritu (idea)","Brad Pitt, Cate Blanchett, Mohamed Akhzam, Peter Wight",230802,10 Nov 2006,Won 1 Oscar. Another 40 wins & 114 nominations.,Drama,7.5,"$23,800,000","English, Arabic, Spanish, Japanese, Berber languages, French, Russian, Japanese Sign Language","France, USA, Mexico","$497,000",,143 min,"$10,000,000",0,69,True,2006,"$34,300,000",tt0449467
R,Black Swan,"Mark Heyman (screenplay), Andres Heinz (screenplay), John J. McLaughlin (screenplay), Andres Heinz (story)","Natalie Portman, Mila Kunis, Vincent Cassel, Barbara Hershey",515022,17 Dec 2010,Won 1 Oscar. Another 86 wins & 229 nominations.,"Drama, Thriller",8,"$83,700,000","English, French, Italian",USA,"$3,400,000",,108 min,"$19,800,000",0,79,True,2010,"$107,000,000",tt0947798
PG-13,The Fugitive,"Jeb Stuart (screenplay), David Twohy (screenplay), David Twohy (story), Roy Huggins (characters)","Harrison Ford, Tommy Lee Jones, Sela Ward, Julianne Moore",201806,06 Aug 1993,Won 1 Oscar. Another 11 wins & 25 nominations.,"Action, Adventure, Crime",7.8,"$179,400,000","English, Polish, Spanish",USA,"$89,000",,130 min,"$4,400,000",0,88,True,1993,"$183,900,000",tt0106977
R,The Piano,Jane Campion,"Holly Hunter, Harvey Keitel, Sam Neill, Anna Paquin",60693,11 Feb 1994,Won 3 Oscars. Another 56 wins & 41 nominations.,"Drama, Music, Romance",7.6,"$25,700,000","English, British Sign Language, Maori","New Zealand, Australia, France","$5,200,000",,121 min,"$8,500,000",0,89,True,1993,"$40,200,000",tt0107822
PG-13,True Grit,"Joel Coen (screenplay), Ethan Coen (screenplay), Charles Portis (novel)","Jeff Bridges, Hailee Steinfeld, Matt Damon, Josh Brolin",225055,22 Dec 2010,Nominated for 10 Oscars. Another 36 wins & 145 nominations.,"Adventure, Drama, Western",7.7,"$138,500,000",English,USA,"$4,100,000",,110 min,"$28,600,000",0,80,True,2010,"$171,200,000",tt1403865
R,Kiss of the Spider Woman,"Manuel Puig (based on the novel by), Leonard Schrader","William Hurt, Raul Julia, Sonia Braga, José Lewgoy",10173,26 Jul 1985,Won 1 Oscar. Another 10 wins & 11 nominations.,Drama,7.4,"$13,100,000","English, French, Portuguese, German","Brazil, USA","$1,900,000",,120 min,"$2,000,000",0,80,True,1985,"$17,000,000",tt0089424
R,Inglourious Basterds,Quentin Tarantino,"Brad Pitt, Mélanie Laurent, Christoph Waltz, Eli Roth",780885,21 Aug 2009,Won 1 Oscar. Another 115 wins & 136 nominations.,"Adventure, Drama, War",8.3,"$120,500,000","English, German, French, Italian","USA, Germany",$0,,153 min,$0,0,69,True,2009,"$120,500,000",tt0361748
PG-13,Hope and Glory,John Boorman,"Sebastian Rice-Edwards, Geraldine Muir, Sarah Miles, David Hayman",9382,01 Nov 1987,Nominated for 5 Oscars. Another 16 wins & 24 nominations.,"Comedy, Drama, Romance",7.4,"$5,200,000",English,"UK, USA","$314,000",,113 min,"$4,500,000",0,N/A,True,1987,"$10,000,000",tt0093209
R,The Prince of Tides,"Pat Conroy (novel), Pat Conroy (screenplay), Becky Johnston (screenplay)","Nick Nolte, Barbra Streisand, Blythe Danner, Kate Nelligan",11975,25 Dec 1991,Nominated for 7 Oscars. Another 3 wins & 10 nominations.,Drama,6.6,"$59,300,000",English,USA,"$3,500,000",,132 min,"$12,000,000",0,N/A,True,1991,"$74,800,000",tt0102713
R,Missing,"Costa-Gavras (screenplay), Donald Stewart (screenplay), Thomas Hauser (based on the book: ""Missing"")","Jack Lemmon, Sissy Spacek, Melanie Mayron, John Shea",12786,12 Mar 1982,Won 1 Oscar. Another 9 wins & 17 nominations.,"Drama, History, Mystery",7.8,"$14,000,000","English, Spanish",USA,$0,,122 min,$0,0,N/A,True,1982,"$14,000,000",tt0084335
PG,Moonstruck,John Patrick Shanley,"Cher, Nicolas Cage, Vincent Gardenia, Olympia Dukakis",33350,15 Jan 1988,Won 3 Oscars. Another 15 wins & 18 nominations.,"Comedy, Drama, Romance",7.1,"$25,400,000","English, Italian",USA,"$20,700,000",,102 min,"$34,600,000",0,83,True,1987,"$80,600,000",tt0093565
PG-13,The Blind Side,"John Lee Hancock, Michael Lewis (book)","Sandra Bullock, Tim McGraw, Quinton Aaron, Jae Head",204311,20 Nov 2009,Won 1 Oscar. Another 7 wins & 28 nominations.,"Biography, Drama, Sport",7.7,"$238,100,000",English,USA,"$5,500,000",,129 min,"$12,300,000",0,53,True,2009,"$256,000,000",tt0878804
G,Beauty and the Beast,"Linda Woolverton (animation screenplay), Roger Allers (story), Brenda Chapman (story), Burny Mattinson (story), Brian Pimental (story), Joe Ranft (story), Kelly Asbury (story), Chris Sanders (story), Kevin Harkey (story), Bruce Woodside (story), Robert Lence (story)","Robby Benson, Jesse Corti, Rex Everhart, Angela Lansbury",279159,22 Nov 1991,Won 2 Oscars. Another 22 wins & 20 nominations.,"Animation, Family, Fantasy",8,"$106,600,000","English, French",USA,"$20,300,000",,84 min,"$19,000,000",0,N/A,True,1991,"$145,900,000",tt0101414
R,Munich,"Tony Kushner (screenplay), Eric Roth (screenplay), George Jonas (book)","Eric Bana, Daniel Craig, Ciarán Hinds, Mathieu Kassovitz",168845,06 Jan 2006,Nominated for 5 Oscars. Another 13 wins & 54 nominations.,"Drama, History, Thriller",7.6,"$40,800,000","English, German, French, Hebrew, Arabic, Italian, Greek, Russian","France, Canada, USA","$672,000",,164 min,"$6,000,000",0,74,True,2005,"$47,400,000",tt0408306
PG-13,Awakenings,"Oliver Sacks (book), Steven Zaillian (screenplay)","Robert De Niro, Robin Williams, Julie Kavner, Ruth Nelson",85841,11 Jan 1991,Nominated for 3 Oscars. Another 5 wins & 6 nominations.,"Biography, Drama",7.8,"$36,800,000",English,USA,"$4,300,000",,121 min,"$11,000,000",0,74,True,1990,"$52,100,000",tt0099077
R,Frost/Nixon,"Peter Morgan (screenplay), Peter Morgan (play)","Frank Langella, Michael Sheen, Sam Rockwell, Kevin Bacon",85752,23 Jan 2009,Nominated for 5 Oscars. Another 19 wins & 66 nominations.,"Drama, History",7.7,"$8,900,000",English,"USA, UK, France","$1,200,000",,122 min,"$8,500,000",0,80,True,2008,"$18,600,000",tt0870111
R,Amadeus,"Peter Shaffer (original stage play), Peter Shaffer (original screenplay)","F. Murray Abraham, Tom Hulce, Elizabeth Berridge, Roy Dotrice",248261,05 Apr 1985,Won 8 Oscars. Another 33 wins & 14 nominations.,"Biography, Drama, History",8.3,"$25,700,000","English, Italian, Latin, German","USA, France","$16,800,000",,160 min,"$9,100,000",1,93,True,1984,"$51,600,000",tt0086879
R,Terms of Endearment,"Larry McMurtry (based on the novel by), James L. Brooks (screenplay)","Shirley MacLaine, Debra Winger, Jack Nicholson, Danny DeVito",37547,09 Dec 1983,Won 5 Oscars. Another 26 wins & 16 nominations.,"Comedy, Drama",7.4,"$72,900,000",English,USA,"$13,700,000",,132 min,"$21,800,000",1,79,True,1983,"$108,400,000",tt0086425
PG-13,Forrest Gump,"Winston Groom (novel), Eric Roth (screenplay)","Tom Hanks, Rebecca Williams, Sally Field, Michael Conner Humphreys",1118949,06 Jul 1994,Won 6 Oscars. Another 36 wins & 51 nominations.,"Drama, Romance",8.8,"$300,600,000",English,USA,"$12,200,000",,142 min,"$16,900,000",1,82,True,1994,"$329,700,000",tt0109830
PG-13,Shine,"Jan Sardi (screenplay), Scott Hicks (story)","Geoffrey Rush, Justin Braine, Sonia Todd, Chris Haywood",41113,14 Feb 1997,Won 1 Oscar. Another 42 wins & 46 nominations.,"Biography, Drama, Music",7.7,"$16,100,000","English, Yiddish",Australia,"$3,400,000",,105 min,"$16,400,000",0,87,True,1996,"$35,900,000",tt0117631
R,Prizzi's Honor,"Richard Condon (novel), Richard Condon (screenplay), Janet Roach (screenplay)","Jack Nicholson, Kathleen Turner, Robert Loggia, John Randolph",17686,14 Jun 1985,Won 1 Oscar. Another 24 wins & 25 nominations.,"Comedy, Crime, Drama",6.8,"$26,700,000",English,USA,$0,,130 min,$0,0,N/A,True,1985,"$26,700,000",tt0089841
R,In the Name of the Father,"Gerry Conlon (autobiographical book ""Proved Innocent""), Terry George (screenplay), Jim Sheridan (screenplay)","Alison Crosbie, Daniel Day-Lewis, Philip King, Emma Thompson",99021,25 Feb 1994,Nominated for 7 Oscars. Another 7 wins & 18 nominations.,"Biography, Drama, History",8.1,"$6,500,000",English,"Ireland, UK, USA","$4,200,000",,133 min,"$14,400,000",0,84,True,1993,"$25,100,000",tt0107207
PG-13,Quiz Show,"Paul Attanasio (screenplay), Richard N. Goodwin (book)","John Turturro, Rob Morrow, Ralph Fiennes, Paul Scofield",51236,07 Oct 1994,Nominated for 4 Oscars. Another 5 wins & 22 nominations.,"Drama, History",7.5,"$21,900,000",English,USA,"$475,000",,133 min,"$2,400,000",0,88,True,1994,"$24,800,000",tt0110932
PG-13,Titanic,James Cameron,"Leonardo DiCaprio, Kate Winslet, Billy Zane, Kathy Bates",731869,19 Dec 1997,Won 11 Oscars. Another 106 wins & 73 nominations.,"Drama, Romance",7.7,"$338,700,000","English, French, German, Swedish, Italian, Russian",USA,"$105,200,000",,194 min,"$156,900,000",1,74,True,1997,"$600,800,000",tt0120338
PG-13,The Lord of the Rings: The Fellowship of the Ring,"J.R.R. Tolkien (novel), Fran Walsh (screenplay), Philippa Boyens (screenplay), Peter Jackson (screenplay)","Alan Howard, Noel Appleby, Sean Astin, Sala Baker",1135762,19 Dec 2001,Won 4 Oscars. Another 100 wins & 110 nominations.,"Adventure, Fantasy",8.8,"$271,700,000","English, Sindarin","New Zealand, USA","$15,800,000",,178 min,"$25,900,000",0,92,True,2001,"$313,400,000",tt0120737
R,Erin Brockovich,Susannah Grant,"Julia Roberts, David Brisbin, Dawn Didawick, Albert Finney",127319,17 Mar 2000,Won 1 Oscar. Another 30 wins & 56 nominations.,"Biography, Drama",7.3,"$125,600,000",English,USA,$0,,131 min,$0,0,73,True,2000,"$125,600,000",tt0195685
TV-G,Birdman,N/A,"Keith Andes, Don Messick, John Stephenson, Vic Perrin",415,09 Sep 1967,N/A,"Animation, Action, Adventure",7,"$26,600,000",English,USA,"$4,600,000",,30 min,"$11,200,000",1,N/A,True,1967–1969,"$42,300,000",tt0061237
R,The English Patient,"Michael Ondaatje (novel), Anthony Minghella (screenplay)","Ralph Fiennes, Juliette Binoche, Willem Dafoe, Kristin Scott Thomas",133234,06 Dec 1996,Won 9 Oscars. Another 48 wins & 64 nominations.,"Drama, Romance, War",7.4,"$42,300,000","English, German, Italian, Arabic","USA, UK","$15,100,000",,162 min,"$21,200,000",1,87,True,1996,"$78,700,000",tt0116209
R,Nebraska,Bob Nelson,"Bruce Dern, Will Forte, June Squibb, Bob Odenkirk",83756,24 Jan 2014,Nominated for 6 Oscars. Another 24 wins & 148 nominations.,"Adventure, Comedy, Drama",7.8,"$8,600,000","English, Spanish",USA,"$536,000",,115 min,"$8,500,000",0,86,True,2013,"$17,700,000",tt1821549
R,Mystic River,"Brian Helgeland (screenplay), Dennis Lehane (novel)","Sean Penn, Tim Robbins, Kevin Bacon, Laurence Fishburne",320690,15 Oct 2003,Won 2 Oscars. Another 51 wins & 111 nominations.,"Crime, Drama, Mystery",8,"$59,100,000",English,"USA, Australia","$7,900,000",,138 min,"$23,100,000",0,84,True,2003,"$90,100,000",tt0327056
N/A,Il postino,Cejen Cernic,N/A,N/A,N/A,N/A,"Documentary, Short",N/A,"$10,700,000",N/A,N/A,"$5,400,000",,N/A,"$5,700,000",0,N/A,True,2001,"$21,800,000",tt0345806
R,Secrets & Lies,Mike Leigh,"Timothy Spall, Phyllis Logan, Brenda Blethyn, Claire Rushbrook",27018,25 Oct 1996,Nominated for 5 Oscars. Another 33 wins & 34 nominations.,Drama,8,"$5,900,000",English,"France, UK","$1,600,000",,136 min,"$5,900,000",0,91,True,1996,"$13,400,000",tt0117589
R,Lost in Translation,Sofia Coppola,"Scarlett Johansson, Bill Murray, Akiko Takeshita, Kazuyoshi Minamimagoe",302990,03 Oct 2003,Won 1 Oscar. Another 88 wins & 96 nominations.,Drama,7.8,"$34,800,000","English, Japanese, German, French","USA, Japan","$714,000",,101 min,"$9,000,000",0,89,True,2003,"$44,600,000",tt0335266
PG-13,The Aviator,John Logan,"Leonardo DiCaprio, Cate Blanchett, Kate Beckinsale, John C. Reilly",243974,25 Dec 2004,Won 5 Oscars. Another 70 wins & 98 nominations.,"Biography, Drama",7.5,"$58,500,000",English,"USA, Germany","$9,000,000",,170 min,"$35,200,000",0,77,True,2004,"$102,600,000",tt0338751
PG-13,"Crouching Tiger, Hidden Dragon","Du Lu Wang (book), Hui-Ling Wang (screenplay), James Schamus (screenplay), Kuo Jung Tsai (screenplay)","Yun-Fat Chow, Michelle Yeoh, Ziyi Zhang, Chen Chang",207131,12 Jan 2001,Won 4 Oscars. Another 94 wins & 124 nominations.,"Action, Drama, Romance",7.9,"$60,800,000",Mandarin,"Taiwan, Hong Kong, USA, China","$21,800,000",,120 min,"$45,500,000",0,93,True,2000,"$128,100,000",tt0190332
R,Boyhood,Richard Linklater,"Ellar Coltrane, Patricia Arquette, Elijah Smith, Lorelei Linklater",230584,15 Aug 2014,Won 1 Oscar. Another 163 wins & 189 nominations.,Drama,8,"$24,400,000","English, Spanish",USA,"$36,800",,165 min,"$943,000",0,100,True,2014,"$25,400,000",tt1065073
G,Toy Story 3,"John Lasseter (story), Andrew Stanton (story), Lee Unkrich (story), Michael Arndt (screenplay)","Tom Hanks, Tim Allen, Joan Cusack, Ned Beatty",487755,18 Jun 2010,Won 2 Oscars. Another 56 wins & 86 nominations.,"Animation, Adventure, Comedy",8.4,"$415,000,000","English, Spanish",USA,$0,,103 min,$0,0,92,True,2010,"$415,000,000",tt0435761
R,Jerry Maguire,Cameron Crowe,"Tom Cruise, Cuba Gooding Jr., Renée Zellweger, Kelly Preston",179062,13 Dec 1996,Won 1 Oscar. Another 24 wins & 35 nominations.,"Comedy, Drama, Romance",7.3,"$121,500,000","English, American Sign Language",USA,"$10,800,000",,139 min,"$21,700,000",0,77,True,1996,"$154,000,000",tt0116695
R,The Pianist,"Ronald Harwood (screenplay), Wladyslaw Szpilman (book)","Adrien Brody, Emilia Fox, Michal Zebrowski, Ed Stoppard",450820,28 Mar 2003,Won 3 Oscars. Another 50 wins & 61 nominations.,"Biography, Drama, War",8.5,"$9,200,000","English, German, Russian","France, Poland, Germany, UK","$12,400,000",,150 min,"$11,000,000",0,85,True,2002,"$32,600,000",tt0253474
R,The Departed,"William Monahan (screenplay), Alan Mak, Felix Chong","Leonardo DiCaprio, Matt Damon, Jack Nicholson, Mark Wahlberg",793172,06 Oct 2006,Won 4 Oscars. Another 81 wins & 109 nominations.,"Crime, Drama, Thriller",8.5,"$121,800,000","English, Cantonese","USA, Hong Kong","$579,000",,151 min,"$10,000,000",1,86,True,2006,"$132,400,000",tt0407887
R,Goodfellas,"Nicholas Pileggi (book), Nicholas Pileggi (screenplay), Martin Scorsese (screenplay)","Robert De Niro, Ray Liotta, Joe Pesci, Lorraine Bracco",667283,21 Sep 1990,Won 1 Oscar. Another 37 wins & 29 nominations.,"Biography, Crime, Drama",8.7,"$41,000,000","English, Italian",USA,"$2,900,000",,146 min,"$2,900,000",0,89,True,1990,"$46,800,000",tt0099685
PG-13,The Queen,Peter Morgan,"Helen Mirren, James Cromwell, Alex Jennings, Roger Allam",79953,17 Nov 2006,Won 1 Oscar. Another 84 wins & 82 nominations.,"Biography, Drama",7.4,"$35,900,000","English, German, French","UK, USA, France, Italy","$3,600,000",,103 min,"$17,000,000",0,91,True,2006,"$56,400,000",tt0436697
R,Dallas Buyers Club,"Craig Borten, Melisa Wallack","Matthew McConaughey, Jennifer Garner, Jared Leto, Denis O'Hare",289248,22 Nov 2013,Won 3 Oscars. Another 77 wins & 71 nominations.,"Biography, Drama",8,"$16,800,000","English, Japanese",USA,"$2,000,000",,117 min,"$8,500,000",0,84,True,2013,"$27,300,000",tt0790636
PG,A Passage to India,"E.M. Forster (by), E.M. Forster (based on the novel by), Santha Rama Rau (and the play by), David Lean (screenplay)","Judy Davis, Victor Banerjee, Peggy Ashcroft, James Fox",12239,01 Feb 1985,Won 2 Oscars. Another 19 wins & 26 nominations.,"Adventure, Drama, History",7.4,"$13,500,000","English, Hindi","UK, USA","$2,300,000",,164 min,"$11,400,000",0,N/A,True,1984,"$27,200,000",tt0087892
R,A Few Good Men,"Aaron Sorkin (play), Aaron Sorkin (screenplay)","Tom Cruise, Jack Nicholson, Demi Moore, Kevin Bacon",171882,11 Dec 1992,Nominated for 4 Oscars. Another 9 wins & 16 nominations.,"Drama, Thriller",7.6,"$120,100,000",English,USA,"$7,000,000",,138 min,"$14,300,000",0,62,True,1992,"$141,300,000",tt0104257
