Title,PreNomination,PostNomination,PostAwards,Total,Released,Year,Win,imdbVotes,imdbRating,Rated,Runtime,Metascore,,,,,,,,Writer,Actors,Language,imdbID,Country,Awards,Genre
JFK,58100000,10300000,2000000,70400000,20 Dec 1991,1991,0,108216,8,R,189,72,,,,,,,,"Oliver Stone (screenplay), Zachary Sklar (screenplay), Jim Garrison (book), Jim Marrs (book)","Sally Kirkland, Anthony Ramirez, Ray LePere, Steve Reed","English, Spanish",tt0102138,"France, USA",Won 2 Oscars. Another 13 wins & 23 nominations.,"Drama, History, Thriller"
Up,293000000,0,0,293000000,29 May 2009,2009,0,592975,8.3,PG,96,88,,,,,,,,"Pete Docter (story), Bob Peterson (story), Tom McCarthy (story), Bob Peterson (screenplay), Pete Docter (screenplay)","Edward Asner, Christopher Plummer, Jordan Nagai, Bob Peterson",English,tt1049413,USA,Won 2 Oscars. Another 69 wins & 69 nominations.,"Animation, Adventure, Comedy"
The Godfather: Part III,62500000,3200000,956000,66700000,25 Dec 1990,1990,0,244113,7.6,R,162,60,,,,,,,,"Mario Puzo, Francis Ford Coppola","Al Pacino, Diane Keaton, Talia Shire, Andy Garcia","English, Italian, German, Latin",tt0099674,USA,Nominated for 7 Oscars. Another 4 wins & 12 nominations.,"Crime, Drama"
Platoon,39300000,64800000,34500000,138500000,06 Feb 1987,1986,1,270412,8.1,R,120,N/A,,,,,,,,Oliver Stone,"Tom Berenger, Keith David, Willem Dafoe, Forest Whitaker","English, Vietnamese",tt0091763,"UK, USA",Won 4 Oscars. Another 19 wins & 14 nominations.,"Drama, War"
Chocolat,27100000,33600000,10900000,71500000,19 Jan 2001,2000,0,141795,7.3,PG-13,121,64,,,,,,,,"Joanne Harris (novel), Robert Nelson Jacobs (screenplay)","Alfred Molina, Carrie-Anne Moss, Aurelien Parent Koenig, Antonio Gil","English, French",tt0241303,"UK, USA",Nominated for 5 Oscars. Another 7 wins & 32 nominations.,"Drama, Romance"
Life of Pi,91800000,21700000,11500000,125000000,21 Nov 2012,2012,0,399787,8,PG,127,79,,,,,,,,"Yann Martel (novel), David Magee (screenplay)","Suraj Sharma, Irrfan Khan, Ayush Tandon, Gautam Belur","English, Tamil, French, Japanese, Hindi, Chinese",tt0454876,"USA, Taiwan, UK",Won 4 Oscars. Another 72 wins & 119 nominations.,"Adventure, Drama, Fantasy"
District 9,115600000,0,0,115600000,14 Aug 2009,2009,0,501824,8,R,112,81,,,,,,,,"Neill Blomkamp, Terri Tatchell","Sharlto Copley, Jason Cope, Nathalie Boltt, Sylvaine Strike","English, Nyanja, Afrikaans, Zulu, Xhosa, Southern Sotho",tt1136608,"USA, New Zealand, Canada, South Africa",Nominated for 4 Oscars. Another 23 wins & 97 nominations.,"Action, Sci-Fi"
"Good Night, and Good Luck.",25200000,6000000,384000,31600000,04 Nov 2005,2005,0,81616,7.5,PG,93,80,,,,,,,,"George Clooney, Grant Heslov","Jeff Daniels, David Strathairn, Alex Borstein, Rose Abdoo",English,tt0433383,"USA, France, UK, Japan",Nominated for 6 Oscars. Another 37 wins & 101 nominations.,Drama
The Verdict,39700000,12200000,2100000,54000000,17 Dec 1982,1982,0,24381,7.8,R,129,N/A,,,,,,,,"Barry Reed (based upon the novel by), David Mamet (screenplay)","Paul Newman, Charlotte Rampling, Jack Warden, James Mason",English,tt0084855,USA,Nominated for 5 Oscars. Another 3 wins & 9 nominations.,Drama
Driving Miss Daisy,33600000,41600000,31400000,106600000,26 Jan 1990,1989,1,66984,7.4,PG,99,81,,,,,,,,"Alfred Uhry (screenplay), Alfred Uhry (play)","Morgan Freeman, Jessica Tandy, Dan Aykroyd, Patti LuPone","English, Hebrew",tt0097239,USA,Won 4 Oscars. Another 17 wins & 21 nominations.,Drama
Michael Clayton,39400000,9100000,516000,49000000,12 Oct 2007,2007,0,126908,7.3,R,119,82,,,,,,,,Tony Gilroy,"Tom Wilkinson, Michael O'Keefe, Sydney Pollack, Danielle Skraastad",English,tt0465538,USA,Won 1 Oscar. Another 24 wins & 99 nominations.,"Crime, Drama, Mystery"
The Right Stuff,15700000,5500000,0,21200000,21 Oct 1983,1983,0,42917,7.9,PG,193,N/A,,,,,,,,"Tom Wolfe (book), Philip Kaufman (screenplay)","Sam Shepard, Scott Glenn, Ed Harris, Dennis Quaid","English, Russian",tt0086197,USA,Won 4 Oscars. Another 7 wins & 15 nominations.,"Adventure, Drama, History"
Sideways,32400000,30700000,8300000,71500000,21 Jan 2005,2004,0,142434,7.6,R,126,94,,,,,,,,"Rex Pickett (novel), Alexander Payne (screenplay), Jim Taylor (screenplay)","Paul Giamatti, Thomas Haden Church, Virginia Madsen, Sandra Oh","English, Armenian",tt0375063,"USA, Hungary",Won 1 Oscar. Another 117 wins & 68 nominations.,"Comedy, Drama, Romance"
In the Bedroom,19500000,14700000,1700000,35900000,08 Feb 2002,2001,0,31274,7.5,R,130,86,,,,,,,,"Robert Festinger (screenplay), Todd Field (screenplay), Andre Dubus (story)","Tom Wilkinson, Sissy Spacek, Nick Stahl, Marisa Tomei","English, Serbo-Croatian",tt0247425,USA,Nominated for 5 Oscars. Another 35 wins & 67 nominations.,"Crime, Drama"
Tender Mercies,8400000,0,0,8400000,10 Jun 1983,1983,0,6912,7.5,PG,92,N/A,,,,,,,,Horton Foote,"Robert Duvall, Tess Harper, Betty Buckley, Wilford Brimley",English,tt0086423,USA,Won 2 Oscars. Another 7 wins & 13 nominations.,"Drama, Music"
The Remains of the Day,19500000,2400000,1300000,23200000,19 Nov 1993,1993,0,43008,7.9,PG,134,84,,,,,,,,"Kazuo Ishiguro (novel), Ruth Prawer Jhabvala (screenplay)","John Haycraft, Christopher Reeve, Anthony Hopkins, Emma Thompson","English, French, German",tt0107943,"UK, USA",Nominated for 8 Oscars. Another 15 wins & 23 nominations.,"Drama, Romance"
Dead Poets Society,95900000,0,0,95900000,09 Jun 1989,1989,0,257989,8,PG,128,79,,,,,,,,Tom Schulman,"Robin Williams, Robert Sean Leonard, Ethan Hawke, Josh Charles",English,tt0097165,USA,Won 1 Oscar. Another 17 wins & 18 nominations.,Drama
Unforgiven,75300000,7600000,18300000,101200000,07 Aug 1992,1992,1,256500,8.3,R,131,82,,,,,,,,David Webb Peoples,"Clint Eastwood, Gene Hackman, Morgan Freeman, Richard Harris",English,tt0105695,USA,Won 4 Oscars. Another 36 wins & 27 nominations.,Western
American Sniper,3400000,316600000,30100000,350100000,16 Jan 2015,2014,0,269141,7.3,R,133,72,,,,,,,,"Jason Hall, Chris Kyle (book), Scott McEwen (book), Jim DeFelice (book)","Bradley Cooper, Kyle Gallner, Cole Konis, Ben Reed",English,tt2179136,USA,Won 1 Oscar. Another 13 wins & 33 nominations.,"Action, Biography, Drama"
Argo,110300000,19300000,6400000,136000000,12 Oct 2012,2012,1,415780,7.8,R,120,86,,,,,,,,"Chris Terrio (screenplay), Tony Mendez (based on a selection from ""The Master of Disguise"" by), Joshuah Bearman (based on the Wired Magazine article ""The Great Escape"" by)","Ben Affleck, Bryan Cranston, Alan Arkin, John Goodman","English, Persian",tt1024648,USA,Won 3 Oscars. Another 83 wins & 144 nominations.,"Drama, History, Thriller"
War Horse,72600000,6500000,843000,79900000,25 Dec 2011,2011,0,109157,7.2,PG-13,146,72,,,,,,,,"Lee Hall (screenplay), Richard Curtis (screenplay), Michael Morpurgo (novel), Nick Stafford (stage play)","Jeremy Irvine, Peter Mullan, Emily Watson, Niels Arestrup","English, German",tt1568911,"USA, UK",Nominated for 6 Oscars. Another 16 wins & 67 nominations.,"Drama, War"
American Hustle,104600000,42100000,3400000,150100000,20 Dec 2013,2013,0,328990,7.3,R,138,90,,,,,,,,"Eric Warren Singer, David O. Russell","Christian Bale, Bradley Cooper, Amy Adams, Jeremy Renner","English, Arabic",tt1800241,USA,Nominated for 10 Oscars. Another 59 wins & 187 nominations.,"Crime, Drama"
The Grand Budapest Hotel,59100000,0,0,59100000,28 Mar 2014,2014,0,402293,8.1,R,99,88,,,,,,,,"Stefan Zweig (inspired by the writings of), Wes Anderson (screenplay), Wes Anderson (story), Hugo Guinness (story)","Ralph Fiennes, F. Murray Abraham, Mathieu Amalric, Adrien Brody","English, French",tt2278388,"USA, Germany, UK",Won 4 Oscars. Another 114 wins & 198 nominations.,"Adventure, Comedy, Drama"
Dances with Wolves,104300000,32700000,47100000,184200000,21 Nov 1990,1990,1,174661,8,PG-13,181,72,,,,,,,,"Michael Blake (screenplay), Michael Blake (novel)","Kevin Costner, Mary McDonnell, Graham Greene, Rodney A. Grant","English, Sioux, Pawnee",tt0099348,"USA, UK",Won 7 Oscars. Another 37 wins & 31 nominations.,"Adventure, Drama, Western"
Field of Dreams,64400000,0,0,64400000,05 May 1989,1989,0,81610,7.6,PG,107,57,,,,,,,,"W.P. Kinsella (book), Phil Alden Robinson (screenplay)","Kevin Costner, Amy Madigan, Gaby Hoffmann, Ray Liotta",English,tt0097351,USA,Nominated for 3 Oscars. Another 6 wins & 9 nominations.,"Drama, Family, Fantasy"
The Accidental Tourist,24200000,8400000,0,32600000,06 Jan 1989,1988,0,11802,6.8,PG,121,53,,,,,,,,"Anne Tyler (book), Frank Galati (screenplay), Lawrence Kasdan (screenplay)","William Hurt, Kathleen Turner, Geena Davis, Amy Wright",English,tt0094606,USA,Won 1 Oscar. Another 3 wins & 10 nominations.,"Drama, Romance"
An Education,8800000,3200000,533000,12600000,05 Feb 2010,2009,0,106867,7.3,PG-13,100,85,,,,,,,,"Lynn Barber (memoir), Nick Hornby (screenplay)","Carey Mulligan, Olivia Williams, Alfred Molina, Cara Seymour","English, French",tt1174732,"UK, USA",Nominated for 3 Oscars. Another 34 wins & 85 nominations.,Drama
The Wolf of Wall Street,81700000,32800000,2300000,116900000,25 Dec 2013,2013,0,660792,8.2,R,180,75,,,,,,,,"Terence Winter (screenplay), Jordan Belfort (book)","Leonardo DiCaprio, Jonah Hill, Margot Robbie, Matthew McConaughey","English, French",tt0993846,USA,Nominated for 5 Oscars. Another 33 wins & 143 nominations.,"Biography, Comedy, Crime"
Million Dollar Baby,8500000,56400000,35600000,100500000,28 Jan 2005,2004,1,440683,8.1,PG-13,132,86,,,,,,,,"Paul Haggis (screenplay), F.X. Toole (stories)","Clint Eastwood, Hilary Swank, Morgan Freeman, Jay Baruchel","English, Irish",tt0405159,USA,Won 4 Oscars. Another 59 wins & 69 nominations.,"Drama, Sport"
Out of Africa,55600000,16200000,15300000,87100000,20 Dec 1985,1985,1,48310,7.2,PG,161,N/A,,,,,,,,"Karen Blixen (based upon: ""Out of Africa"" and other writings), Judith Thurman (book), Errol Trzebinski (book), Kurt Luedtke (screenplay)","Meryl Streep, Robert Redford, Klaus Maria Brandauer, Michael Kitchen","English, Swahili",tt0089755,USA,Won 7 Oscars. Another 22 wins & 28 nominations.,"Biography, Drama, Romance"
The Green Mile,120600000,14400000,1700000,136800000,10 Dec 1999,1999,0,702081,8.5,R,189,61,,,,,,,,"Stephen King (novel), Frank Darabont (screenplay)","Tom Hanks, David Morse, Michael Clarke Duncan, Bonnie Hunt","English, French",tt0120689,USA,Nominated for 4 Oscars. Another 13 wins & 28 nominations.,"Crime, Drama, Fantasy"
The Silence of the Lambs,130700000,0,0,130700000,14 Feb 1991,1991,1,800970,8.6,R,118,84,,,,,,,,"Thomas Harris (novel), Ted Tally (screenplay)","Jodie Foster, Lawrence A. Bonney, Kasi Lemmons, Lawrence T. Wrentz",English,tt0102926,USA,Won 5 Oscars. Another 48 wins & 33 nominations.,"Crime, Drama, Thriller"
The Color Purple,46400000,31500000,16200000,94200000,07 Feb 1986,1985,0,57167,7.8,PG-13,154,N/A,,,,,,,,"Alice Walker (novel), Menno Meyjes (screenplay)","Danny Glover, Whoopi Goldberg, Margaret Avery, Oprah Winfrey",English,tt0088939,USA,Nominated for 11 Oscars. Another 13 wins & 12 nominations.,Drama
The Help,169600000,97400,10800,169700000,10 Aug 2011,2011,0,292349,8.1,PG-13,146,62,,,,,,,,"Tate Taylor (screenplay), Kathryn Stockett (novel)","Emma Stone, Viola Davis, Bryce Dallas Howard, Octavia Spencer",English,tt1454029,"USA, India, United Arab Emirates",Won 1 Oscar. Another 74 wins & 103 nominations.,Drama
Gangs of New York,70100000,6900000,790000,77800000,20 Dec 2002,2002,0,291630,7.5,R,167,72,,,,,,,,"Jay Cocks (story), Jay Cocks (screenplay), Steven Zaillian (screenplay), Kenneth Lonergan (screenplay)","Leonardo DiCaprio, Daniel Day-Lewis, Cameron Diaz, Jim Broadbent","English, Irish, Chinese, Latin",tt0217505,"USA, Italy",Nominated for 10 Oscars. Another 42 wins & 89 nominations.,"Crime, Drama, History"
The Hours,21900000,17000000,2800000,41700000,14 Feb 2003,2002,0,96908,7.6,PG-13,114,81,,,,,,,,"Michael Cunningham (novel), David Hare (screenplay)","Meryl Streep, Julianne Moore, Nicole Kidman, Ed Harris",English,tt0274558,"USA, UK",Won 1 Oscar. Another 38 wins & 103 nominations.,Drama
12 Years a Slave,39000000,11300000,6300000,56700000,08 Nov 2013,2013,1,378027,8.1,R,134,97,,,,,,,,"John Ridley (screenplay), Solomon Northup (based on ""Twelve Years a Slave"" by)","Chiwetel Ejiofor, Dwight Henry, Dickie Gravois, Bryan Batt",English,tt2024544,"USA, UK",Won 3 Oscars. Another 223 wins & 295 nominations.,"Biography, Drama, History"
The King's Speech,57900000,56300000,21200000,135500000,25 Dec 2010,2010,1,452317,8.1,R,118,88,,,,,,,,David Seidler (screenplay),"Colin Firth, Helena Bonham Carter, Derek Jacobi, Robert Portal",English,tt1504320,"UK, USA, Australia",Won 4 Oscars. Another 95 wins & 182 nominations.,"Biography, Drama"
The Sixth Sense,278400000,11900000,3200000,293500000,06 Aug 1999,1999,0,652018,8.2,PG-13,107,64,,,,,,,,M. Night Shyamalan,"Bruce Willis, Haley Joel Osment, Toni Collette, Olivia Williams","English, Latin, Spanish",tt0167404,USA,Nominated for 6 Oscars. Another 32 wins & 45 nominations.,"Drama, Mystery, Thriller"
The Killing Fields,11700000,16200000,6900000,34700000,01 Feb 1985,1984,0,40318,7.9,R,141,N/A,,,,,,,,Bruce Robinson (screenplay),"Sam Waterston, Haing S. Ngor, John Malkovich, Julian Sands","English, French, Khmer, Russian",tt0087553,UK,Won 3 Oscars. Another 24 wins & 22 nominations.,"Drama, History, War"
Bugsy,38900000,8900000,1300000,49100000,20 Dec 1991,1991,0,20429,6.8,R,136,N/A,,,,,,,,"James Toback, Dean Jennings (book)","Warren Beatty, Annette Bening, Harvey Keitel, Ben Kingsley",English,tt0101516,USA,Won 2 Oscars. Another 10 wins & 30 nominations.,"Biography, Crime, Drama"
Tootsie,100800000,51200000,25200000,177200000,17 Dec 1982,1982,0,73364,7.4,PG,116,87,,,,,,,,"Larry Gelbart (screenplay), Murray Schisgal (screenplay), Don McGuire (story), Larry Gelbart (story)","Dustin Hoffman, Jessica Lange, Teri Garr, Dabney Coleman",English,tt0084805,USA,Won 1 Oscar. Another 23 wins & 29 nominations.,"Comedy, Romance"
Born on the Fourth of July,48700000,16900000,4400000,70000000,05 Jan 1990,1989,0,72490,7.2,R,145,75,,,,,,,,"Ron Kovic (book), Oliver Stone (screenplay), Ron Kovic (screenplay)","Tom Cruise, Raymond J. Barry, Caroline Kava, Josh Evans","English, Spanish",tt0096969,USA,Won 2 Oscars. Another 13 wins & 22 nominations.,"Biography, Drama, War"
Milk,20700000,7500000,3700000,31800000,30 Jan 2009,2008,0,128963,7.6,R,128,84,,,,,,,,Dustin Lance Black,"Sean Penn, Emile Hirsch, Josh Brolin, Diego Luna",English,tt1013753,USA,Won 2 Oscars. Another 53 wins & 121 nominations.,"Biography, Drama, History"
Witness,68700000,0,0,68700000,08 Feb 1985,1985,0,62743,7.5,R,112,76,,,,,,,,"William Kelley (story), Pamela Wallace (story), Earl W. Wallace (story), Earl W. Wallace (screenplay), William Kelley (screenplay)","Harrison Ford, Kelly McGillis, Josef Sommer, Lukas Haas","English, German",tt0090329,USA,Won 2 Oscars. Another 10 wins & 26 nominations.,"Crime, Drama, Romance"
Ray,73100000,2000000,252000,75300000,29 Oct 2004,2004,0,102332,7.8,PG-13,152,73,,,,,,,,"Taylor Hackford (story), James L. White (story), James L. White (screenplay)","Jamie Foxx, Kerry Washington, Regina King, Clifton Powell",English,tt0350258,USA,Won 2 Oscars. Another 48 wins & 47 nominations.,"Biography, Drama, Music"
Up in the Air,73500000,9500000,812000,83800000,23 Dec 2009,2009,0,258673,7.5,R,109,83,,,,,,,,"Walter Kirn (novel), Jason Reitman (screenplay), Sheldon Turner (screenplay)","George Clooney, Vera Farmiga, Anna Kendrick, Jason Bateman",English,tt1193138,USA,Nominated for 6 Oscars. Another 74 wins & 136 nominations.,"Drama, Romance"
Silver Linings Playbook,35700000,71400000,24900000,132100000,25 Dec 2012,2012,0,493310,7.8,R,122,81,,,,,,,,"David O. Russell (screenplay), Matthew Quick (novel)","Bradley Cooper, Jennifer Lawrence, Robert De Niro, Jacki Weaver",English,tt1045658,USA,Won 1 Oscar. Another 84 wins & 139 nominations.,"Comedy, Drama, Romance"
A Serious Man,9200000,0,0,9200000,06 Nov 2009,2009,0,95168,7,R,106,79,,,,,,,,"Joel Coen, Ethan Coen","Michael Stuhlbarg, Richard Kind, Fred Melamed, Sari Lennick","English, Yiddish, Hebrew",tt1019452,"USA, UK, France",Nominated for 2 Oscars. Another 16 wins & 60 nominations.,"Comedy, Drama"
A Beautiful Mind,113700000,41000000,16000000,170700000,04 Jan 2002,2001,1,548689,8.2,PG-13,135,72,,,,,,,,"Akiva Goldsman, Sylvia Nasar (book)","Russell Crowe, Ed Harris, Jennifer Connelly, Christopher Plummer",English,tt0268978,USA,Won 4 Oscars. Another 29 wins & 61 nominations.,"Biography, Drama"
Slumdog Millionaire,44700000,53600000,43000000,141300000,25 Dec 2008,2008,1,596954,8,R,120,86,,,,,,,,"Simon Beaufoy (screenplay), Vikas Swarup (novel)","Dev Patel, Saurabh Shukla, Anil Kapoor, Rajendranath Zutshi","English, Hindi, French",tt1010048,"UK, USA",Won 8 Oscars. Another 139 wins & 105 nominations.,"Drama, Romance"
Rain Man,97000000,60800000,15100000,172800000,16 Dec 1988,1988,1,365025,8,R,133,65,,,,,,,,"Barry Morrow (story), Ronald Bass (screenplay), Barry Morrow (screenplay)","Dustin Hoffman, Tom Cruise, Valeria Golino, Gerald R. Molen","English, Italian",tt0095953,USA,Won 4 Oscars. Another 21 wins & 21 nominations.,Drama
Gravity,256400000,14100000,3600000,274100000,04 Oct 2013,2013,0,532303,7.9,PG-13,91,96,,,,,,,,"Alfonso Cuarón, Jonás Cuarón","Sandra Bullock, George Clooney, Ed Harris, Orto Ignatiussen","English, Greenlandic",tt1454468,"USA, UK",Won 7 Oscars. Another 201 wins & 159 nominations.,"Sci-Fi, Thriller"
Capote,15400000,10100000,3300000,28800000,03 Feb 2006,2005,0,93155,7.4,R,114,88,,,,,,,,"Dan Futterman (screenplay), Gerald Clarke (book)","Allie Mickelson, Kelci Stephenson, Philip Seymour Hoffman, Craig Archibald",English,tt0379725,"Canada, USA",Won 1 Oscar. Another 56 wins & 73 nominations.,"Biography, Crime, Drama"
Fargo,24100000,183000,346000,24600000,05 Apr 1996,1996,0,412212,8.2,R,98,85,,,,,,,,"Ethan Coen, Joel Coen","William H. Macy, Steve Buscemi, Peter Stormare, Kristin Rudrüd",English,tt0116282,"USA, UK",Won 2 Oscars. Another 69 wins & 51 nominations.,"Crime, Drama, Thriller"
Moneyball,75500000,72600,0,75600000,23 Sep 2011,2011,0,268380,7.6,PG-13,133,87,,,,,,,,"Steven Zaillian (screenplay), Aaron Sorkin (screenplay), Stan Chervin (story), Michael Lewis (book)","Brad Pitt, Jonah Hill, Philip Seymour Hoffman, Robin Wright",English,tt1210166,USA,Nominated for 6 Oscars. Another 27 wins & 70 nominations.,"Biography, Drama, Sport"
My Left Foot,2100000,6800000,5900000,14700000,10 Nov 1989,1989,0,46683,7.9,R,103,N/A,,,,,,,,"Shane Connaughton (screenplay), Jim Sheridan (screenplay), Christy Brown (book)","Daniel Day-Lewis, Brenda Fricker, Alison Whelan, Kirsten Sheridan",English,tt0097937,"Ireland, UK",Won 2 Oscars. Another 20 wins & 18 nominations.,"Biography, Drama"
Brokeback Mountain,51700000,27200000,4200000,83000000,13 Jan 2006,2005,0,245925,7.7,R,134,87,,,,,,,,"Annie Proulx (short story), Larry McMurtry (screenplay), Diana Ossana (screenplay)","Heath Ledger, Jake Gyllenhaal, Randy Quaid, Valerie Planche",English,tt0388795,"USA, Canada",Won 3 Oscars. Another 119 wins & 106 nominations.,"Drama, Romance"
Babe,58200000,4600000,865000,63700000,04 Aug 1995,1995,0,89243,6.8,G,91,83,,,,,,,,"Dick King-Smith (novel), George Miller (screenplay), Chris Noonan (screenplay)","Christine Cavanaugh, Miriam Margolyes, Danny Mann, Hugo Weaving",English,tt0112431,"Australia, USA",Won 1 Oscar. Another 18 wins & 21 nominations.,"Comedy, Drama, Family"
Elizabeth,21400000,6500000,2200000,30100000,19 Feb 1999,1998,0,72299,7.5,R,124,75,,,,,,,,Michael Hirst,"Cate Blanchett, Geoffrey Rush, Christopher Eccleston, Joseph Fiennes","English, French",tt0127536,"UK, USA",Won 1 Oscar. Another 33 wins & 51 nominations.,"Biography, Drama, History"
The Insider,26600000,1900000,609000,29100000,05 Nov 1999,1999,0,127381,7.9,R,157,84,,,,,,,,"Marie Brenner (article), Eric Roth, Michael Mann","Al Pacino, Russell Crowe, Christopher Plummer, Diane Venora","English, Japanese, Arabic, Persian",tt0140352,USA,Nominated for 7 Oscars. Another 22 wins & 48 nominations.,"Biography, Drama, Thriller"
Ghost,213600000,2900000,1100000,217600000,13 Jul 1990,1990,0,145476,7,PG-13,127,52,,,,,,,,Bruce Joel Rubin,"Patrick Swayze, Demi Moore, Whoopi Goldberg, Tony Goldwyn",English,tt0099653,USA,Won 2 Oscars. Another 16 wins & 22 nominations.,"Drama, Fantasy, Romance"
The Theory of Everything,26200000,7900000,1800000,35900000,26 Nov 2014,2014,0,214904,7.7,PG-13,123,72,,,,,,,,"Anthony McCarten (screenplay), Jane Hawking (book)","Eddie Redmayne, Felicity Jones, Tom Prior, Sophie Perry","English, French, Latin, Italian",tt2980516,UK,Won 1 Oscar. Another 23 wins & 106 nominations.,"Biography, Drama, Romance"
Mississippi Burning,18600000,15300000,713000,34600000,27 Jan 1989,1988,0,62008,7.8,R,128,65,,,,,,,,Chris Gerolmo,"Gene Hackman, Willem Dafoe, Frances McDormand, Brad Dourif",English,tt0095647,USA,Won 1 Oscar. Another 16 wins & 24 nominations.,"Crime, Drama, Mystery"
The Shawshank Redemption,16800000,8100000,3500000,28300000,14 Oct 1994,1994,0,1555482,9.3,R,142,80,,,,,,,,"Stephen King (short story ""Rita Hayworth and Shawshank Redemption""), Frank Darabont (screenplay)","Tim Robbins, Morgan Freeman, Bob Gunton, William Sadler",English,tt0111161,USA,Nominated for 7 Oscars. Another 14 wins & 18 nominations.,"Crime, Drama"
Gosford Park,22300000,15500000,3600000,41300000,18 Jan 2002,2001,0,62457,7.3,R,137,90,,,,,,,,"Robert Altman (idea), Julian Fellowes, Bob Balaban (idea)","Maggie Smith, Michael Gambon, Kristin Scott Thomas, Camilla Rutherford",English,tt0280707,"UK, USA, Italy",Won 1 Oscar. Another 29 wins & 72 nominations.,"Drama, Mystery"
Letters from Iwo Jima,2600000,10200000,921000,13800000,02 Feb 2007,2006,0,126999,7.9,R,141,89,,,,,,,,"Iris Yamashita (screenplay), Iris Yamashita (story), Paul Haggis (story), Tadamichi Kuribayashi (book), Tsuyoko Yoshido (book)","Ken Watanabe, Kazunari Ninomiya, Tsuyoshi Ihara, Ryô Kase","Japanese, English",tt0498380,USA,Won 1 Oscar. Another 22 wins & 29 nominations.,"Drama, History, War"
Children of a Lesser God,22100000,5300000,4400000,31900000,31 Oct 1986,1986,0,11151,7.2,R,119,N/A,,,,,,,,"Mark Medoff (stage play), Hesper Anderson (screenplay), Mark Medoff (screenplay)","William Hurt, Marlee Matlin, Piper Laurie, Philip Bosco","English, American Sign Language",tt0090830,USA,Won 1 Oscar. Another 4 wins & 12 nominations.,"Drama, Romance"
The Social Network,95400000,1500000,44800,97000000,01 Oct 2010,2010,0,436554,7.8,PG-13,120,95,,,,,,,,"Aaron Sorkin (screenplay), Ben Mezrich (book)","Jesse Eisenberg, Rooney Mara, Bryan Barter, Dustin Fitzsimons","English, French",tt1285016,USA,Won 3 Oscars. Another 152 wins & 151 nominations.,"Biography, Drama"
The Hurt Locker,12700000,2000000,2300000,17000000,31 Jul 2009,2008,1,305865,7.6,R,131,94,,,,,,,,Mark Boal,"Jeremy Renner, Anthony Mackie, Brian Geraghty, Guy Pearce","English, Arabic",tt0887912,USA,Won 6 Oscars. Another 108 wins & 112 nominations.,"Drama, History, Thriller"
Saving Private Ryan,194900000,15300000,6300000,216500000,24 Jul 1998,1998,0,796329,8.6,R,169,90,,,,,,,,Robert Rodat,"Tom Hanks, Tom Sizemore, Edward Burns, Barry Pepper","English, French, German, Czech",tt0120815,USA,Won 5 Oscars. Another 71 wins & 74 nominations.,"Action, Drama, War"
The Lord of the Rings: The Two Towers,321100000,13700000,5000000,339800000,18 Dec 2002,2002,0,998747,8.7,PG-13,179,88,,,,,,,,"J.R.R. Tolkien (novel), Fran Walsh (screenplay), Philippa Boyens (screenplay), Stephen Sinclair (screenplay), Peter Jackson (screenplay)","Bruce Allpress, Sean Astin, John Bach, Sala Baker","English, Sindarin, Old English",tt0167261,"USA, New Zealand",Won 2 Oscars. Another 96 wins & 106 nominations.,"Adventure, Fantasy"
There Will Be Blood,8700000,26400000,5100000,40200000,25 Jan 2008,2007,0,342198,8.1,R,158,92,,,,,,,,"Paul Thomas Anderson (screenplay), Upton Sinclair (novel)","Daniel Day-Lewis, Martin Stringer, Matthew Braden Stringer, Jacob Stringer","English, American Sign Language",tt0469494,USA,Won 2 Oscars. Another 97 wins & 121 nominations.,Drama
The Cider House Rules,20700000,28900000,7900000,57500000,07 Jan 2000,1999,0,75993,7.4,PG-13,126,75,,,,,,,,"John Irving (novel), John Irving (screenplay)","Tobey Maguire, Charlize Theron, Delroy Lindo, Paul Rudd",English,tt0124315,USA,Won 2 Oscars. Another 6 wins & 29 nominations.,"Drama, Romance"
The Dresser,563000,4700000,0,5300000,06 Dec 1983,1983,0,3501,7.7,PG,118,N/A,,,,,,,,Ronald Harwood (screenplay),"Albert Finney, Tom Courtenay, Edward Fox, Zena Walker",English,tt0085461,UK,Nominated for 5 Oscars. Another 5 wins & 12 nominations.,Drama
The Crying Game,14000000,33600000,14900000,62500000,19 Feb 1993,1992,0,39585,7.3,R,112,90,,,,,,,,Neil Jordan,"Forest Whitaker, Miranda Richardson, Stephen Rea, Adrian Dunbar",English,tt0104036,"UK, Japan",Won 1 Oscar. Another 20 wins & 34 nominations.,"Crime, Drama, Romance"
The Full Monty,38900000,5500000,1600000,46000000,19 Sep 1997,1997,0,78598,7.2,R,91,75,,,,,,,,Simon Beaufoy,"Robert Carlyle, Mark Addy, William Snape, Steve Huison",English,tt0119164,"UK, USA",Won 1 Oscar. Another 34 wins & 30 nominations.,"Comedy, Drama, Music"
Sense and Sensibility,24600000,14500000,4000000,43200000,26 Jan 1996,1995,0,73082,7.7,PG,136,84,,,,,,,,"Jane Austen (novel), Emma Thompson (screenplay)","James Fleet, Tom Wilkinson, Harriet Walter, Kate Winslet","English, French",tt0114388,"USA, UK",Won 1 Oscar. Another 31 wins & 42 nominations.,"Drama, Romance"
Places in the Heart,31200000,2300000,1300000,34900000,05 Oct 1984,1984,0,7258,7.3,PG,111,N/A,,,,,,,,Robert Benton,"Sally Field, Lindsay Crouse, Ed Harris, Amy Madigan",English,tt0087921,USA,Won 2 Oscars. Another 11 wins & 14 nominations.,Drama
Howards End,8700000,14200000,3000000,26000000,26 Feb 1993,1992,0,20399,7.5,PG,140,87,,,,,,,,"E.M. Forster (novel), Ruth Prawer Jhabvala (screenplay)","Vanessa Redgrave, Helena Bonham Carter, Joseph Bennett, Emma Thompson","English, German",tt0104454,"UK, Japan, USA",Won 3 Oscars. Another 26 wins & 34 nominations.,"Drama, Romance"
Hannah and Her Sisters,35400000,0,0,35400000,14 Mar 1986,1986,0,49306,8,PG-13,103,90,,,,,,,,Woody Allen,"Barbara Hershey, Carrie Fisher, Michael Caine, Mia Farrow",English,tt0091167,USA,Won 3 Oscars. Another 21 wins & 26 nominations.,"Comedy, Drama"
A Room with a View,11500000,2500000,6900000,21000000,11 Apr 1986,1985,0,27611,7.4,UNRATED,117,80,,,,,,,,"E.M. Forster (novel), Ruth Prawer Jhabvala (screenplay)","Maggie Smith, Helena Bonham Carter, Denholm Elliott, Julian Sands","English, Italian",tt0091867,UK,Won 3 Oscars. Another 21 wins & 23 nominations.,"Drama, Romance"
Broadcast News,36700000,11300000,3300000,51200000,25 Dec 1987,1987,0,20069,7.2,R,133,84,,,,,,,,James L. Brooks,"William Hurt, Albert Brooks, Holly Hunter, Robert Prosky",English,tt0092699,USA,Nominated for 7 Oscars. Another 13 wins & 16 nominations.,"Comedy, Drama, Romance"
The Artist,12400000,19400000,12900000,44700000,20 Jan 2012,2011,1,177993,8,PG-13,100,89,,,,,,,,Michel Hazanavicius,"Jean Dujardin, Bérénice Bejo, John Goodman, James Cromwell","English, French",tt1655442,France,Won 5 Oscars. Another 141 wins & 167 nominations.,"Comedy, Drama, Romance"
Apollo 13,172100000,0,0,172100000,30 Jun 1995,1995,0,196149,7.6,PG,140,77,,,,,,,,"Jim Lovell (book), Jeffrey Kluger (book), William Broyles Jr. (screenplay), Al Reinert (screenplay)","Tom Hanks, Bill Paxton, Kevin Bacon, Gary Sinise",English,tt0112384,USA,Won 2 Oscars. Another 24 wins & 46 nominations.,"Adventure, Drama, History"
The Fighter,73000000,17400000,3200000,93600000,17 Dec 2010,2010,0,256623,7.9,R,116,79,,,,,,,,"Scott Silver (screenplay), Paul Tamasy (screenplay), Eric Johnson (screenplay), Paul Tamasy (story), Eric Johnson (story), Keith Dorrington (story)","Mark Wahlberg, Christian Bale, Amy Adams, Melissa Leo",English,tt0964517,USA,Won 2 Oscars. Another 65 wins & 107 nominations.,"Biography, Drama, Sport"
Avatar,598500000,122200000,29200000,749800000,18 Dec 2009,2009,0,826521,7.9,PG-13,162,83,,,,,,,,James Cameron,"Sam Worthington, Zoe Saldana, Sigourney Weaver, Stephen Lang","English, Spanish",tt0499549,"USA, UK",Won 3 Oscars. Another 76 wins & 114 nominations.,"Action, Adventure, Fantasy"
Whiplash,6200000,5100000,1800000,13100000,15 Oct 2014,2014,0,306266,8.5,R,107,88,,,,,,,,Damien Chazelle,"Miles Teller, J.K. Simmons, Paul Reiser, Melissa Benoist",English,tt2582802,USA,Won 3 Oscars. Another 78 wins & 110 nominations.,"Drama, Music"
Gladiator,186600000,269000,835000,187700000,05 May 2000,2000,1,894849,8.5,R,155,64,,,,,,,,"David Franzoni (story), David Franzoni (screenplay), John Logan (screenplay), William Nicholson (screenplay)","Russell Crowe, Joaquin Phoenix, Connie Nielsen, Oliver Reed",English,tt0172495,"USA, UK",Won 5 Oscars. Another 52 wins & 100 nominations.,"Action, Drama"
A Soldier's Story,21400000,436000,0,21800000,02 Nov 1984,1984,0,6258,7.2,PG,101,N/A,,,,,,,,"Charles Fuller (screenplay), Charles Fuller (play)","Howard E. Rollins Jr., Adolph Caesar, Art Evans, David Alan Grier",English,tt0088146,USA,Nominated for 3 Oscars. Another 5 wins & 6 nominations.,"Crime, Drama, Mystery"
Midnight in Paris,56400000,272000,96500,56800000,10 Jun 2011,2011,0,278762,7.7,PG-13,94,81,,,,,,,,Woody Allen,"Owen Wilson, Rachel McAdams, Kurt Fuller, Mimi Kennedy","English, French, Spanish, German",tt1605783,"Spain, USA, France",Won 1 Oscar. Another 19 wins & 85 nominations.,"Comedy, Fantasy, Romance"
Dangerous Liaisons,6700000,25000000,3000000,34700000,24 Feb 1989,1988,0,50662,7.7,R,119,74,,,,,,,,"Christopher Hampton (play), Choderlos de Laclos (novel), Christopher Hampton (screenplay)","Glenn Close, John Malkovich, Michelle Pfeiffer, Swoosie Kurtz",English,tt0094947,"USA, UK",Won 3 Oscars. Another 16 wins & 20 nominations.,"Drama, Romance"
Gandhi,11900000,27000000,13900000,52800000,25 Feb 1983,1982,1,157632,8.1,PG,191,N/A,,,,,,,,John Briley,"Ben Kingsley, Candice Bergen, Edward Fox, John Gielgud",English,tt0083987,"UK, India",Won 8 Oscars. Another 27 wins & 20 nominations.,"Biography, Drama, History"
Finding Neverland,32700000,15400000,3600000,51700000,17 Dec 2004,2004,0,167576,7.8,PG,106,67,,,,,,,,"Allan Knee (play), David Magee (screenplay)","Johnny Depp, Kate Winslet, Julie Christie, Radha Mitchell",English,tt0308644,"USA, UK",Won 1 Oscar. Another 20 wins & 67 nominations.,"Biography, Drama, Family"
The Reader,8100000,14900000,11200000,34200000,30 Jan 2009,2008,0,178455,7.6,R,124,58,,,,,,,,"David Hare (screenplay), Bernhard Schlink (book)","Ralph Fiennes, Jeanette Hain, David Kross, Kate Winslet","English, German, Greek, Latin",tt0976051,"USA, Germany",Won 1 Oscar. Another 23 wins & 44 nominations.,"Drama, Romance"
American Beauty,74700000,33800000,21600000,130100000,01 Oct 1999,1999,1,757578,8.4,R,122,86,,,,,,,,Alan Ball,"Kevin Spacey, Annette Bening, Thora Birch, Wes Bentley",English,tt0169547,USA,Won 5 Oscars. Another 101 wins & 96 nominations.,"Drama, Romance"
The Last Emperor,11900000,13500000,18600000,44000000,15 Apr 1988,1987,1,65382,7.8,PG-13,163,76,,,,,,,,"Mark Peploe (screenplay), Bernardo Bertolucci (screenplay), Enzo Ungari (initial screenplay collaboration)","John Lone, Joan Chen, Peter O'Toole, Ruocheng Ying","English, Mandarin, Japanese, Russian",tt0093389,"China, Italy, UK, France",Won 9 Oscars. Another 43 wins & 15 nominations.,"Biography, Drama, History"
Braveheart,67000000,6300000,2300000,75600000,24 May 1995,1995,1,678095,8.4,R,178,68,,,,,,,,Randall Wallace,"James Robinson, Sean Lawlor, Sandy Nelson, James Cosmo","English, French, Latin, Scottish Gaelic",tt0112573,USA,Won 5 Oscars. Another 24 wins & 26 nominations.,"Biography, Drama, History"
Hugo,56000000,13400000,4500000,73900000,23 Nov 2011,2011,0,230279,7.6,PG,126,83,,,,,,,,"John Logan (screenplay), Brian Selznick (book)","Ben Kingsley, Sacha Baron Cohen, Asa Butterfield, Chloë Grace Moretz",English,tt0970179,USA,Won 5 Oscars. Another 49 wins & 159 nominations.,"Adventure, Drama, Family"
Captain Phillips,105100000,2000000,0,107100000,11 Oct 2013,2013,0,298666,7.9,PG-13,134,83,,,,,,,,"Billy Ray (screenplay), Richard Phillips (based upon the book ""A Captain's Duty: Somali Pirates,  Navy SEALS,  and Dangerous Days at Sea"" by), Stephan Talty (based upon the book ""A Captain's Duty: Somali Pirates,  Navy SEALS,  and Dangerous Days at Sea"" by)","Tom Hanks, Catherine Keener, Barkhad Abdi, Barkhad Abdirahman","English, Somali",tt1535109,USA,Nominated for 6 Oscars. Another 16 wins & 128 nominations.,"Biography, Drama, Thriller"
Django Unchained,112500000,46300000,4000000,162800000,25 Dec 2012,2012,0,843569,8.5,R,165,81,,,,,,,,Quentin Tarantino,"Jamie Foxx, Christoph Waltz, Leonardo DiCaprio, Kerry Washington","English, German, French",tt1853728,USA,Won 2 Oscars. Another 50 wins & 133 nominations.,Western
Extremely Loud & Incredibly Close,11400000,19800000,633000,31800000,20 Jan 2012,2011,0,76175,6.9,PG-13,129,46,,,,,,,,"Eric Roth (screenplay), Jonathan Safran Foer (novel)","Tom Hanks, Thomas Horn, Sandra Bullock, Zoe Caldwell",English,tt0477302,USA,Nominated for 2 Oscars. Another 7 wins & 21 nominations.,"Adventure, Drama, Mystery"
Atonement,32700000,16700000,1500000,50900000,11 Jan 2008,2007,0,181415,7.8,R,123,85,,,,,,,,"Ian McEwan (novel), Christopher Hampton (screenplay)","Saoirse Ronan, Ailidh Mackay, Brenda Blethyn, Julia West","English, French",tt0783233,"UK, France, USA",Won 1 Oscar. Another 46 wins & 134 nominations.,"Drama, Mystery, Romance"
Four Weddings and a Funeral,52700000,0,0,52700000,15 Apr 1994,1994,0,101817,7.1,R,117,81,,,,,,,,Richard Curtis,"Hugh Grant, James Fleet, Simon Callow, John Hannah","English, British Sign Language",tt0109831,UK,Nominated for 2 Oscars. Another 23 wins & 19 nominations.,"Comedy, Drama, Romance"
Winter's Bone,6300000,231000,28800,6500000,16 Jul 2010,2010,0,105978,7.2,R,100,90,,,,,,,,"Debra Granik (screenplay), Anne Rosellini (screenplay), Daniel Woodrell (novel)","Jennifer Lawrence, Isaiah Stone, Ashlee Thompson, Valerie Richards",English,tt1399683,USA,Nominated for 4 Oscars. Another 58 wins & 112 nominations.,Drama
Life Is Beautiful,18500000,17500000,21300000,57200000,12 Feb 1999,1997,0,376965,8.6,PG-13,116,59,,,,,,,,"Vincenzo Cerami (story), Roberto Benigni (story)","Roberto Benigni, Nicoletta Braschi, Giorgio Cantarini, Giustino Durano","Italian, German, English",tt0118799,Italy,Won 3 Oscars. Another 60 wins & 42 nominations.,"Comedy, Drama, Romance"
Pulp Fiction,76300000,19000000,12600000,107900000,14 Oct 1994,1994,0,1208105,8.9,R,154,94,,,,,,,,"Quentin Tarantino (story), Roger Avary (story), Quentin Tarantino","Tim Roth, Laura Lovelace, John Travolta, Samuel L. Jackson","English, Spanish, French",tt0110912,USA,Won 1 Oscar. Another 53 wins & 57 nominations.,"Crime, Drama"
Crash,53400000,0,1200000,54600000,06 May 2005,2004,1,346188,7.9,R,112,69,,,,,,,,"Paul Haggis (story), Paul Haggis (screenplay), Robert Moresco (screenplay)","Karina Arroyave, Dato Bakhtadze, Sandra Bullock, Don Cheadle","English, Persian, Spanish, Mandarin, Korean",tt0375679,"Germany, USA",Won 3 Oscars. Another 59 wins & 92 nominations.,Drama
Juno,87100000,43300000,13100000,143500000,25 Dec 2007,2007,0,389163,7.5,PG-13,96,81,,,,,,,,Diablo Cody,"Ellen Page, Michael Cera, Jennifer Garner, Jason Bateman",English,tt0467406,USA,Won 1 Oscar. Another 87 wins & 84 nominations.,"Comedy, Drama, Romance"
As Good as It Gets,92600000,33400000,22500000,148500000,25 Dec 1997,1997,0,215345,7.8,PG-13,139,67,,,,,,,,"Mark Andrus (story), Mark Andrus (screenplay), James L. Brooks (screenplay)","Jack Nicholson, Helen Hunt, Greg Kinnear, Cuba Gooding Jr.",English,tt0119822,USA,Won 2 Oscars. Another 35 wins & 48 nominations.,"Comedy, Drama, Romance"
Selma,16500000,33000000,2500000,52100000,09 Jan 2015,2014,0,49277,7.5,PG-13,128,89,,,,,,,,Paul Webb,"David Oyelowo, Carmen Ejogo, Jim France, Trinity Simone",English,tt1020072,"UK, USA",Won 1 Oscar. Another 54 wins & 74 nominations.,"Biography, Drama, History"
No Country for Old Men,48900000,15400000,10000000,74300000,21 Nov 2007,2007,1,559702,8.1,R,122,91,,,,,,,,"Joel Coen (screenplay), Ethan Coen (screenplay), Cormac McCarthy (novel)","Tommy Lee Jones, Javier Bardem, Josh Brolin, Woody Harrelson","English, Spanish",tt0477348,USA,Won 4 Oscars. Another 148 wins & 118 nominations.,"Crime, Drama, Thriller"
The Lord of the Rings: The Return of the King,338300000,25800000,12900000,377000000,17 Dec 2003,2003,1,1107562,8.9,PG-13,201,94,,,,,,,,"J.R.R. Tolkien (novel), Fran Walsh (screenplay), Philippa Boyens (screenplay), Peter Jackson (screenplay)","Noel Appleby, Ali Astin, Sean Astin, David Aston","English, Quenya, Old English, Sindarin",tt0167260,"USA, New Zealand",Won 11 Oscars. Another 150 wins & 101 nominations.,"Adventure, Fantasy"
Good Will Hunting,68900000,47200000,22300000,138400000,09 Jan 1998,1997,0,549157,8.3,R,126,70,,,,,,,,"Matt Damon, Ben Affleck","Matt Damon, Robin Williams, Ben Affleck, Stellan Skarsgård",English,tt0119217,USA,Won 2 Oscars. Another 20 wins & 51 nominations.,Drama
Traffic,71200000,36500000,16400000,124100000,05 Jan 2001,2000,0,164042,7.6,R,147,86,,,,,,,,"Simon Moore (miniseries Traffik), Stephen Gaghan (screenplay)","Benicio Del Toro, Jacob Vargas, Andrew Chavez, Michael Saucedo","English, Spanish",tt0181865,"USA, Germany",Won 4 Oscars. Another 67 wins & 82 nominations.,"Crime, Drama, Thriller"
The Thin Red Line,30600000,5300000,452000,36400000,15 Jan 1999,1998,0,131986,7.6,R,170,78,,,,,,,,"James Jones (novel), Terrence Malick (screenplay)","Nick Nolte, Jim Caviezel, Sean Penn, Elias Koteas","English, Tok Pisin, Japanese, Greek",tt0120863,USA,Nominated for 7 Oscars. Another 19 wins & 39 nominations.,"Drama, War"
127 Hours,11300000,6600000,420000,18300000,28 Jan 2011,2010,0,260232,7.6,R,94,82,,,,,,,,"Danny Boyle (screenplay), Simon Beaufoy (screenplay), Aron Ralston (book)","James Franco, Kate Mara, Amber Tamblyn, Sean Bott","English, Italian",tt1542344,"USA, UK",Nominated for 6 Oscars. Another 22 wins & 135 nominations.,"Adventure, Biography, Drama"
Lincoln,145500000,33100000,3600000,182200000,16 Nov 2012,2012,0,185318,7.4,PG-13,150,86,,,,,,,,"Tony Kushner (screenplay), Doris Kearns Goodwin (book)","Daniel Day-Lewis, Sally Field, David Strathairn, Joseph Gordon-Levitt",English,tt0443272,"USA, India",Won 2 Oscars. Another 104 wins & 218 nominations.,"Biography, Drama, History"
Schindler's List,29600000,30700000,35800000,96100000,04 Feb 1994,1993,1,789368,8.9,R,195,93,,,,,,,,"Thomas Keneally (book), Steven Zaillian (screenplay)","Liam Neeson, Ben Kingsley, Ralph Fiennes, Caroline Goodall","English, Hebrew, German, Polish",tt0108052,USA,Won 7 Oscars. Another 68 wins & 32 nominations.,"Biography, Drama, History"
The Mission,11100000,5300000,782000,17200000,31 Oct 1986,1986,0,41597,7.5,PG,125,N/A,,,,,,,,Robert Bolt (original story & screenplay),"Robert De Niro, Jeremy Irons, Ray McAnally, Aidan Quinn","English, Guarani, Spanish, Latin",tt0091530,"UK, France",Won 1 Oscar. Another 12 wins & 27 nominations.,"Adventure, Drama, History"
Fatal Attraction,142300000,9300000,5000000,156600000,18 Sep 1987,1987,0,51231,6.9,R,119,67,,,,,,,,"James Dearden (screenplay), James Dearden (short film)","Michael Douglas, Glenn Close, Anne Archer, Ellen Hamilton Latzen",English,tt0093010,USA,Nominated for 6 Oscars. Another 7 wins & 16 nominations.,"Drama, Thriller"
The Tree of Life,13300000,0,0,13300000,17 May 2011,2011,0,128255,6.7,PG-13,139,85,,,,,,,,Terrence Malick,"Brad Pitt, Sean Penn, Jessica Chastain, Hunter McCracken",English,tt0478304,USA,Nominated for 3 Oscars. Another 96 wins & 104 nominations.,"Drama, Fantasy"
Inception,292600000,0,0,292600000,16 Jul 2010,2010,0,1330216,8.8,PG-13,148,74,,,,,,,,Christopher Nolan,"Leonardo DiCaprio, Joseph Gordon-Levitt, Ellen Page, Tom Hardy","English, Japanese, French",tt1375666,"USA, UK",Won 4 Oscars. Another 138 wins & 192 nominations.,"Action, Mystery, Sci-Fi"
E.T.: The Extra-Terrestrial,329400000,12700000,17100000,359200000,N/A,1982,0,123,2,N/A,N/A,N/A,,,,,,,,Melissa Mathison (characters),N/A,English,tt0308201,USA,N/A,"Family, Sci-Fi"
The Descendants,51500000,27000000,4100000,82600000,09 Dec 2011,2011,0,197094,7.3,R,115,84,,,,,,,,"Alexander Payne (screenplay), Nat Faxon (screenplay), Jim Rash (screenplay), Kaui Hart Hemmings (novel)","George Clooney, Shailene Woodley, Amara Miller, Nick Krause",English,tt1033575,USA,Won 1 Oscar. Another 64 wins & 130 nominations.,"Comedy, Drama"
The Curious Case of Benjamin Button,104400000,19800000,3300000,127500000,25 Dec 2008,2008,0,428551,7.8,PG-13,166,70,,,,,,,,"Eric Roth (screenplay), Eric Roth (story), Robin Swicord (story), F. Scott Fitzgerald (short story)","Cate Blanchett, Brad Pitt, Julia Ormond, Faune Chambers Watkins","English, Russian, French",tt0421715,USA,Won 3 Oscars. Another 67 wins & 128 nominations.,"Drama, Fantasy, Romance"
The Kids Are All Right,20800000,0,0,20800000,30 Jul 2010,2010,0,105902,7.1,R,106,86,,,,,,,,"Lisa Cholodenko, Stuart Blumberg","Julianne Moore, Annette Bening, Mark Ruffalo, Mia Wasikowska",English,tt0842926,USA,Nominated for 4 Oscars. Another 27 wins & 108 nominations.,"Comedy, Drama"
The Big Chill,52500000,3700000,181000,56300000,30 Sep 1983,1983,0,24357,7.2,R,105,62,,,,,,,,"Lawrence Kasdan, Barbara Benedek","Tom Berenger, Glenn Close, Jeff Goldblum, William Hurt",English,tt0085244,USA,Nominated for 3 Oscars. Another 3 wins & 5 nominations.,"Comedy, Drama"
L.A. Confidential,39700000,17900000,6900000,64600000,19 Sep 1997,1997,0,386476,8.3,R,138,90,,,,,,,,"James Ellroy (novel), Brian Helgeland (screenplay), Curtis Hanson (screenplay)","Kevin Spacey, Russell Crowe, Guy Pearce, James Cromwell",English,tt0119488,USA,Won 2 Oscars. Another 80 wins & 77 nominations.,"Crime, Drama, Mystery"
Seabiscuit,120200000,46300,0,120300000,25 Jul 2003,2003,0,55664,7.3,PG-13,140,72,,,,,,,,"Laura Hillenbrand (book), Gary Ross (screenplay)","David McCullough, Jeff Bridges, Paul Vincent O'Connor, Chris Cooper",English,tt0329575,USA,Nominated for 7 Oscars. Another 6 wins & 33 nominations.,"Drama, History, Sport"
Master and Commander: The Far Side of the World,85300000,7200000,1400000,93900000,14 Nov 2003,2003,0,160655,7.4,PG-13,138,81,,,,,,,,"Patrick O'Brian (novels), Peter Weir (screenplay), John Collee (screenplay)","Russell Crowe, Paul Bettany, James D'Arcy, Edward Woodall","English, French, Portuguese",tt0311113,USA,Won 2 Oscars. Another 21 wins & 72 nominations.,"Action, Adventure, Drama"
Philomena,22500000,12100000,3100000,37700000,27 Nov 2013,2013,0,68476,7.6,PG-13,98,76,,,,,,,,"Steve Coogan (screenplay), Jeff Pope (screenplay), Martin Sixsmith (book)","Judi Dench, Steve Coogan, Sophie Kennedy Clark, Mare Winningham",English,tt2431286,"UK, USA, France",Nominated for 4 Oscars. Another 29 wins & 71 nominations.,"Biography, Drama"
Beasts of the Southern Wild,11300000,1300000,224000,12800000,05 Jul 2012,2012,0,66982,7.3,PG-13,93,86,,,,,,,,"Lucy Alibar (screenplay), Benh Zeitlin (screenplay), Lucy Alibar (stage play ""Juicy and Delicious"")","Quvenzhané Wallis, Dwight Henry, Levy Easterly, Lowell Landes",English,tt2125435,USA,Nominated for 4 Oscars. Another 91 wins & 119 nominations.,"Drama, Fantasy"
Working Girl,42100000,20000000,1700000,63800000,21 Dec 1988,1988,0,38951,6.7,R,113,73,,,,,,,,Kevin Wade,"Harrison Ford, Sigourney Weaver, Melanie Griffith, Alec Baldwin",English,tt0096463,USA,Won 1 Oscar. Another 8 wins & 16 nominations.,"Comedy, Drama, Romance"
Little Miss Sunshine,59600000,237000,59600,59900000,18 Aug 2006,2006,0,332339,7.9,R,101,80,,,,,,,,Michael Arndt,"Abigail Breslin, Greg Kinnear, Paul Dano, Alan Arkin",English,tt0449059,USA,Won 2 Oscars. Another 65 wins & 96 nominations.,"Comedy, Drama"
Shakespeare in Love,36500000,36600000,27100000,100300000,08 Jan 1999,1998,1,166464,7.2,R,123,87,,,,,,,,"Marc Norman, Tom Stoppard","Geoffrey Rush, Tom Wilkinson, Steven O'Donnell, Tim McMullan",English,tt0138097,USA,Won 7 Oscars. Another 55 wins & 85 nominations.,"Comedy, Drama, Romance"
Scent of a Woman,34100000,18500000,10400000,63100000,08 Jan 1993,1992,0,183208,8,R,156,59,,,,,,,,"Giovanni Arpino (novel), Bo Goldman (screenplay), Ruggero Maccari (character from Profumo Di Donna), Dino Risi (character from Profumo Di Donna)","Al Pacino, Chris O'Donnell, James Rebhorn, Gabrielle Anwar",English,tt0105323,USA,Won 1 Oscar. Another 5 wins & 10 nominations.,Drama
Amour,371000,4800000,1600000,6700000,20 Sep 2012,2012,0,65649,7.9,PG-13,127,94,,,,,,,,Michael Haneke (screenplay),"Jean-Louis Trintignant, Emmanuelle Riva, Isabelle Huppert, Alexandre Tharaud","French, English",tt1602620,"France, Germany, Austria",Won 1 Oscar. Another 75 wins & 95 nominations.,"Drama, Romance"
Zero Dark Thirty,5200000,86300000,4200000,95700000,11 Jan 2013,2012,0,204200,7.4,R,157,95,,,,,,,,Mark Boal,"Jason Clarke, Reda Kateb, Jessica Chastain, Kyle Chandler","English, Arabic",tt1790885,USA,Won 1 Oscar. Another 83 wins & 156 nominations.,"Drama, History, Thriller"
The Imitation Game,42800000,41100000,7200000,91100000,25 Dec 2014,2014,0,366245,8.1,PG-13,114,73,,,,,,,,"Graham Moore, Andrew Hodges (book)","Benedict Cumberbatch, Keira Knightley, Matthew Goode, Rory Kinnear","English, German",tt2084970,"UK, USA",Won 1 Oscar. Another 43 wins & 138 nominations.,"Biography, Drama, Thriller"
Chicago,64600000,69400000,36700000,170700000,24 Jan 2003,2002,1,162325,7.2,PG-13,113,82,,,,,,,,"Bill Condon (screenplay), Bob Fosse (book), Fred Ebb (book), Maurine Dallas Watkins (play)","Taye Diggs, Cliff Saunders, Catherine Zeta-Jones, Renée Zellweger","English, Hungarian",tt0299658,"USA, Germany, Canada",Won 6 Oscars. Another 45 wins & 98 nominations.,"Comedy, Crime, Musical"
Moulin Rouge!,57100000,212000,39900,57400000,01 Jun 2001,2001,0,213540,7.7,PG-13,127,66,,,,,,,,"Baz Luhrmann, Craig Pearce","Nicole Kidman, Ewan McGregor, John Leguizamo, Jim Broadbent","English, French, Spanish",tt0203009,"USA, Australia",Won 2 Oscars. Another 79 wins & 118 nominations.,"Drama, Musical, Romance"
Babel,23800000,10000000,497000,34300000,10 Nov 2006,2006,0,230802,7.5,R,143,69,,,,,,,,"Guillermo Arriaga, Guillermo Arriaga (idea), Alejandro González Iñárritu (idea)","Brad Pitt, Cate Blanchett, Mohamed Akhzam, Peter Wight","English, Arabic, Spanish, Japanese, Berber languages, French, Russian, Japanese Sign Language",tt0449467,"France, USA, Mexico",Won 1 Oscar. Another 40 wins & 114 nominations.,Drama
Black Swan,83700000,19800000,3400000,107000000,17 Dec 2010,2010,0,515022,8,R,108,79,,,,,,,,"Mark Heyman (screenplay), Andres Heinz (screenplay), John J. McLaughlin (screenplay), Andres Heinz (story)","Natalie Portman, Mila Kunis, Vincent Cassel, Barbara Hershey","English, French, Italian",tt0947798,USA,Won 1 Oscar. Another 86 wins & 229 nominations.,"Drama, Thriller"
The Fugitive,179400000,4400000,89000,183900000,06 Aug 1993,1993,0,201806,7.8,PG-13,130,88,,,,,,,,"Jeb Stuart (screenplay), David Twohy (screenplay), David Twohy (story), Roy Huggins (characters)","Harrison Ford, Tommy Lee Jones, Sela Ward, Julianne Moore","English, Polish, Spanish",tt0106977,USA,Won 1 Oscar. Another 11 wins & 25 nominations.,"Action, Adventure, Crime"
The Piano,25700000,8500000,5200000,40200000,11 Feb 1994,1993,0,60693,7.6,R,121,89,,,,,,,,Jane Campion,"Holly Hunter, Harvey Keitel, Sam Neill, Anna Paquin","English, British Sign Language, Maori",tt0107822,"New Zealand, Australia, France",Won 3 Oscars. Another 56 wins & 41 nominations.,"Drama, Music, Romance"
True Grit,138500000,28600000,4100000,171200000,22 Dec 2010,2010,0,225055,7.7,PG-13,110,80,,,,,,,,"Joel Coen (screenplay), Ethan Coen (screenplay), Charles Portis (novel)","Jeff Bridges, Hailee Steinfeld, Matt Damon, Josh Brolin",English,tt1403865,USA,Nominated for 10 Oscars. Another 36 wins & 145 nominations.,"Adventure, Drama, Western"
Kiss of the Spider Woman,13100000,2000000,1900000,17000000,26 Jul 1985,1985,0,10173,7.4,R,120,80,,,,,,,,"Manuel Puig (based on the novel by), Leonard Schrader","William Hurt, Raul Julia, Sonia Braga, José Lewgoy","English, French, Portuguese, German",tt0089424,"Brazil, USA",Won 1 Oscar. Another 10 wins & 11 nominations.,Drama
Inglourious Basterds,120500000,0,0,120500000,21 Aug 2009,2009,0,780885,8.3,R,153,69,,,,,,,,Quentin Tarantino,"Brad Pitt, Mélanie Laurent, Christoph Waltz, Eli Roth","English, German, French, Italian",tt0361748,"USA, Germany",Won 1 Oscar. Another 115 wins & 136 nominations.,"Adventure, Drama, War"
Hope and Glory,5200000,4500000,314000,10000000,01 Nov 1987,1987,0,9382,7.4,PG-13,113,N/A,,,,,,,,John Boorman,"Sebastian Rice-Edwards, Geraldine Muir, Sarah Miles, David Hayman",English,tt0093209,"UK, USA",Nominated for 5 Oscars. Another 16 wins & 24 nominations.,"Comedy, Drama, Romance"
The Prince of Tides,59300000,12000000,3500000,74800000,25 Dec 1991,1991,0,11975,6.6,R,132,N/A,,,,,,,,"Pat Conroy (novel), Pat Conroy (screenplay), Becky Johnston (screenplay)","Nick Nolte, Barbra Streisand, Blythe Danner, Kate Nelligan",English,tt0102713,USA,Nominated for 7 Oscars. Another 3 wins & 10 nominations.,Drama
Missing,14000000,0,0,14000000,12 Mar 1982,1982,0,12786,7.8,R,122,N/A,,,,,,,,"Costa-Gavras (screenplay), Donald Stewart (screenplay), Thomas Hauser (based on the book: ""Missing"")","Jack Lemmon, Sissy Spacek, Melanie Mayron, John Shea","English, Spanish",tt0084335,USA,Won 1 Oscar. Another 9 wins & 17 nominations.,"Drama, History, Mystery"
Moonstruck,25400000,34600000,20700000,80600000,15 Jan 1988,1987,0,33350,7.1,PG,102,83,,,,,,,,John Patrick Shanley,"Cher, Nicolas Cage, Vincent Gardenia, Olympia Dukakis","English, Italian",tt0093565,USA,Won 3 Oscars. Another 15 wins & 18 nominations.,"Comedy, Drama, Romance"
The Blind Side,238100000,12300000,5500000,256000000,20 Nov 2009,2009,0,204311,7.7,PG-13,129,53,,,,,,,,"John Lee Hancock, Michael Lewis (book)","Sandra Bullock, Tim McGraw, Quinton Aaron, Jae Head",English,tt0878804,USA,Won 1 Oscar. Another 7 wins & 28 nominations.,"Biography, Drama, Sport"
Beauty and the Beast,106600000,19000000,20300000,145900000,22 Nov 1991,1991,0,279159,8,G,84,N/A,,,,,,,,"Linda Woolverton (animation screenplay), Roger Allers (story), Brenda Chapman (story), Burny Mattinson (story), Brian Pimental (story), Joe Ranft (story), Kelly Asbury (story), Chris Sanders (story), Kevin Harkey (story), Bruce Woodside (story), Robert Lence (story)","Robby Benson, Jesse Corti, Rex Everhart, Angela Lansbury","English, French",tt0101414,USA,Won 2 Oscars. Another 22 wins & 20 nominations.,"Animation, Family, Fantasy"
Munich,40800000,6000000,672000,47400000,06 Jan 2006,2005,0,168845,7.6,R,164,74,,,,,,,,"Tony Kushner (screenplay), Eric Roth (screenplay), George Jonas (book)","Eric Bana, Daniel Craig, Ciarán Hinds, Mathieu Kassovitz","English, German, French, Hebrew, Arabic, Italian, Greek, Russian",tt0408306,"France, Canada, USA",Nominated for 5 Oscars. Another 13 wins & 54 nominations.,"Drama, History, Thriller"
Awakenings,36800000,11000000,4300000,52100000,11 Jan 1991,1990,0,85841,7.8,PG-13,121,74,,,,,,,,"Oliver Sacks (book), Steven Zaillian (screenplay)","Robert De Niro, Robin Williams, Julie Kavner, Ruth Nelson",English,tt0099077,USA,Nominated for 3 Oscars. Another 5 wins & 6 nominations.,"Biography, Drama"
Frost/Nixon,8900000,8500000,1200000,18600000,23 Jan 2009,2008,0,85752,7.7,R,122,80,,,,,,,,"Peter Morgan (screenplay), Peter Morgan (play)","Frank Langella, Michael Sheen, Sam Rockwell, Kevin Bacon",English,tt0870111,"USA, UK, France",Nominated for 5 Oscars. Another 19 wins & 66 nominations.,"Drama, History"
Amadeus,25700000,9100000,16800000,51600000,05 Apr 1985,1984,1,248261,8.3,R,160,93,,,,,,,,"Peter Shaffer (original stage play), Peter Shaffer (original screenplay)","F. Murray Abraham, Tom Hulce, Elizabeth Berridge, Roy Dotrice","English, Italian, Latin, German",tt0086879,"USA, France",Won 8 Oscars. Another 33 wins & 14 nominations.,"Biography, Drama, History"
Terms of Endearment,72900000,21800000,13700000,108400000,09 Dec 1983,1983,1,37547,7.4,R,132,79,,,,,,,,"Larry McMurtry (based on the novel by), James L. Brooks (screenplay)","Shirley MacLaine, Debra Winger, Jack Nicholson, Danny DeVito",English,tt0086425,USA,Won 5 Oscars. Another 26 wins & 16 nominations.,"Comedy, Drama"
Forrest Gump,300600000,16900000,12200000,329700000,06 Jul 1994,1994,1,1118949,8.8,PG-13,142,82,,,,,,,,"Winston Groom (novel), Eric Roth (screenplay)","Tom Hanks, Rebecca Williams, Sally Field, Michael Conner Humphreys",English,tt0109830,USA,Won 6 Oscars. Another 36 wins & 51 nominations.,"Drama, Romance"
Shine,16100000,16400000,3400000,35900000,14 Feb 1997,1996,0,41113,7.7,PG-13,105,87,,,,,,,,"Jan Sardi (screenplay), Scott Hicks (story)","Geoffrey Rush, Justin Braine, Sonia Todd, Chris Haywood","English, Yiddish",tt0117631,Australia,Won 1 Oscar. Another 42 wins & 46 nominations.,"Biography, Drama, Music"
Prizzi's Honor,26700000,0,0,26700000,14 Jun 1985,1985,0,17686,6.8,R,130,N/A,,,,,,,,"Richard Condon (novel), Richard Condon (screenplay), Janet Roach (screenplay)","Jack Nicholson, Kathleen Turner, Robert Loggia, John Randolph",English,tt0089841,USA,Won 1 Oscar. Another 24 wins & 25 nominations.,"Comedy, Crime, Drama"
In the Name of the Father,6500000,14400000,4200000,25100000,25 Feb 1994,1993,0,99021,8.1,R,133,84,,,,,,,,"Gerry Conlon (autobiographical book ""Proved Innocent""), Terry George (screenplay), Jim Sheridan (screenplay)","Alison Crosbie, Daniel Day-Lewis, Philip King, Emma Thompson",English,tt0107207,"Ireland, UK, USA",Nominated for 7 Oscars. Another 7 wins & 18 nominations.,"Biography, Drama, History"
Quiz Show,21900000,2400000,475000,24800000,07 Oct 1994,1994,0,51236,7.5,PG-13,133,88,,,,,,,,"Paul Attanasio (screenplay), Richard N. Goodwin (book)","John Turturro, Rob Morrow, Ralph Fiennes, Paul Scofield",English,tt0110932,USA,Nominated for 4 Oscars. Another 5 wins & 22 nominations.,"Drama, History"
Titanic,338700000,156900000,105200000,600800000,19 Dec 1997,1997,1,731869,7.7,PG-13,194,74,,,,,,,,James Cameron,"Leonardo DiCaprio, Kate Winslet, Billy Zane, Kathy Bates","English, French, German, Swedish, Italian, Russian",tt0120338,USA,Won 11 Oscars. Another 106 wins & 73 nominations.,"Drama, Romance"
The Lord of the Rings: The Fellowship of the Ring,271700000,25900000,15800000,313400000,19 Dec 2001,2001,0,1135762,8.8,PG-13,178,92,,,,,,,,"J.R.R. Tolkien (novel), Fran Walsh (screenplay), Philippa Boyens (screenplay), Peter Jackson (screenplay)","Alan Howard, Noel Appleby, Sean Astin, Sala Baker","English, Sindarin",tt0120737,"New Zealand, USA",Won 4 Oscars. Another 100 wins & 110 nominations.,"Adventure, Fantasy"
Erin Brockovich,125600000,0,0,125600000,17 Mar 2000,2000,0,127319,7.3,R,131,73,,,,,,,,Susannah Grant,"Julia Roberts, David Brisbin, Dawn Didawick, Albert Finney",English,tt0195685,USA,Won 1 Oscar. Another 30 wins & 56 nominations.,"Biography, Drama"
Birdman,26600000,11200000,4600000,42300000,09 Sep 1967,1967–1969,1,415,7,TV-G,30,N/A,,,,,,,,N/A,"Keith Andes, Don Messick, John Stephenson, Vic Perrin",English,tt0061237,USA,N/A,"Animation, Action, Adventure"
The English Patient,42300000,21200000,15100000,78700000,06 Dec 1996,1996,1,133234,7.4,R,162,87,,,,,,,,"Michael Ondaatje (novel), Anthony Minghella (screenplay)","Ralph Fiennes, Juliette Binoche, Willem Dafoe, Kristin Scott Thomas","English, German, Italian, Arabic",tt0116209,"USA, UK",Won 9 Oscars. Another 48 wins & 64 nominations.,"Drama, Romance, War"
Nebraska,8600000,8500000,536000,17700000,24 Jan 2014,2013,0,83756,7.8,R,115,86,,,,,,,,Bob Nelson,"Bruce Dern, Will Forte, June Squibb, Bob Odenkirk","English, Spanish",tt1821549,USA,Nominated for 6 Oscars. Another 24 wins & 148 nominations.,"Adventure, Comedy, Drama"
Mystic River,59100000,23100000,7900000,90100000,15 Oct 2003,2003,0,320690,8,R,138,84,,,,,,,,"Brian Helgeland (screenplay), Dennis Lehane (novel)","Sean Penn, Tim Robbins, Kevin Bacon, Laurence Fishburne",English,tt0327056,"USA, Australia",Won 2 Oscars. Another 51 wins & 111 nominations.,"Crime, Drama, Mystery"
Il postino,10700000,5700000,5400000,21800000,N/A,2001,0,N/A,N/A,N/A,N/A,N/A,,,,,,,,Cejen Cernic,N/A,N/A,tt0345806,N/A,N/A,"Documentary, Short"
Secrets & Lies,5900000,5900000,1600000,13400000,25 Oct 1996,1996,0,27018,8,R,136,91,,,,,,,,Mike Leigh,"Timothy Spall, Phyllis Logan, Brenda Blethyn, Claire Rushbrook",English,tt0117589,"France, UK",Nominated for 5 Oscars. Another 33 wins & 34 nominations.,Drama
Lost in Translation,34800000,9000000,714000,44600000,03 Oct 2003,2003,0,302990,7.8,R,101,89,,,,,,,,Sofia Coppola,"Scarlett Johansson, Bill Murray, Akiko Takeshita, Kazuyoshi Minamimagoe","English, Japanese, German, French",tt0335266,"USA, Japan",Won 1 Oscar. Another 88 wins & 96 nominations.,Drama
The Aviator,58500000,35200000,9000000,102600000,25 Dec 2004,2004,0,243974,7.5,PG-13,170,77,,,,,,,,John Logan,"Leonardo DiCaprio, Cate Blanchett, Kate Beckinsale, John C. Reilly",English,tt0338751,"USA, Germany",Won 5 Oscars. Another 70 wins & 98 nominations.,"Biography, Drama"
"Crouching Tiger, Hidden Dragon",60800000,45500000,21800000,128100000,12 Jan 2001,2000,0,207131,7.9,PG-13,120,93,,,,,,,,"Du Lu Wang (book), Hui-Ling Wang (screenplay), James Schamus (screenplay), Kuo Jung Tsai (screenplay)","Yun-Fat Chow, Michelle Yeoh, Ziyi Zhang, Chen Chang",Mandarin,tt0190332,"Taiwan, Hong Kong, USA, China",Won 4 Oscars. Another 94 wins & 124 nominations.,"Action, Drama, Romance"
Boyhood,24400000,943000,36800,25400000,15 Aug 2014,2014,0,230584,8,R,165,100,,,,,,,,Richard Linklater,"Ellar Coltrane, Patricia Arquette, Elijah Smith, Lorelei Linklater","English, Spanish",tt1065073,USA,Won 1 Oscar. Another 163 wins & 189 nominations.,Drama
Toy Story 3,415000000,0,0,415000000,18 Jun 2010,2010,0,487755,8.4,G,103,92,,,,,,,,"John Lasseter (story), Andrew Stanton (story), Lee Unkrich (story), Michael Arndt (screenplay)","Tom Hanks, Tim Allen, Joan Cusack, Ned Beatty","English, Spanish",tt0435761,USA,Won 2 Oscars. Another 56 wins & 86 nominations.,"Animation, Adventure, Comedy"
Jerry Maguire,121500000,21700000,10800000,154000000,13 Dec 1996,1996,0,179062,7.3,R,139,77,,,,,,,,Cameron Crowe,"Tom Cruise, Cuba Gooding Jr., Renée Zellweger, Kelly Preston","English, American Sign Language",tt0116695,USA,Won 1 Oscar. Another 24 wins & 35 nominations.,"Comedy, Drama, Romance"
The Pianist,9200000,11000000,12400000,32600000,28 Mar 2003,2002,0,450820,8.5,R,150,85,,,,,,,,"Ronald Harwood (screenplay), Wladyslaw Szpilman (book)","Adrien Brody, Emilia Fox, Michal Zebrowski, Ed Stoppard","English, German, Russian",tt0253474,"France, Poland, Germany, UK",Won 3 Oscars. Another 50 wins & 61 nominations.,"Biography, Drama, War"
The Departed,121800000,10000000,579000,132400000,06 Oct 2006,2006,1,793172,8.5,R,151,86,,,,,,,,"William Monahan (screenplay), Alan Mak, Felix Chong","Leonardo DiCaprio, Matt Damon, Jack Nicholson, Mark Wahlberg","English, Cantonese",tt0407887,"USA, Hong Kong",Won 4 Oscars. Another 81 wins & 109 nominations.,"Crime, Drama, Thriller"
Goodfellas,41000000,2900000,2900000,46800000,21 Sep 1990,1990,0,667283,8.7,R,146,89,,,,,,,,"Nicholas Pileggi (book), Nicholas Pileggi (screenplay), Martin Scorsese (screenplay)","Robert De Niro, Ray Liotta, Joe Pesci, Lorraine Bracco","English, Italian",tt0099685,USA,Won 1 Oscar. Another 37 wins & 29 nominations.,"Biography, Crime, Drama"
The Queen,35900000,17000000,3600000,56400000,17 Nov 2006,2006,0,79953,7.4,PG-13,103,91,,,,,,,,Peter Morgan,"Helen Mirren, James Cromwell, Alex Jennings, Roger Allam","English, German, French",tt0436697,"UK, USA, France, Italy",Won 1 Oscar. Another 84 wins & 82 nominations.,"Biography, Drama"
Dallas Buyers Club,16800000,8500000,2000000,27300000,22 Nov 2013,2013,0,289248,8,R,117,84,,,,,,,,"Craig Borten, Melisa Wallack","Matthew McConaughey, Jennifer Garner, Jared Leto, Denis O'Hare","English, Japanese",tt0790636,USA,Won 3 Oscars. Another 77 wins & 71 nominations.,"Biography, Drama"
A Passage to India,13500000,11400000,2300000,27200000,01 Feb 1985,1984,0,12239,7.4,PG,164,N/A,,,,,,,,"E.M. Forster (by), E.M. Forster (based on the novel by), Santha Rama Rau (and the play by), David Lean (screenplay)","Judy Davis, Victor Banerjee, Peggy Ashcroft, James Fox","English, Hindi",tt0087892,"UK, USA",Won 2 Oscars. Another 19 wins & 26 nominations.,"Adventure, Drama, History"
A Few Good Men,120100000,14300000,7000000,141300000,11 Dec 1992,1992,0,171882,7.6,R,138,62,,,,,,,,"Aaron Sorkin (play), Aaron Sorkin (screenplay)","Tom Cruise, Jack Nicholson, Demi Moore, Kevin Bacon",English,tt0104257,USA,Nominated for 4 Oscars. Another 9 wins & 16 nominations.,"Drama, Thriller"
